trial_id,phase,target,stimulus,interval,scored,outcome,reaction_time,response_epoch,response_performance,stimulus_onset_epoch,stimulus_onset_performance,I_j
1,TRAINING,True,green_circle,2.4584107632096854,False,omission,,,,1788619774.375,3152.2999999988824,
2,TRAINING,True,green_circle,2.402901176893653,False,omission,,,,1788619776.847,5623.5,
3,TRAINING,True,green_circle,2.4857388981399247,False,hit,0.484,1788619779.734,8510.89999999851,1788619779.25,8026.89999999851,
4,TRAINING,True,green_circle,2.4895096076613537,False,hit,0.5259000000003725,1788619782.262,11038.699999999255,1788619781.736,10512.799999998882,
5,TRAINING,True,green_circle,2.4185552096783187,False,hit,0.393,1788619784.624,13400.89999999851,1788619784.231,13007.89999999851,
6,TRAINING,True,green_circle,2.5719884310249412,False,hit,0.28280000000074507,1788619786.935,15712.199999999255,1788619786.653,15429.39999999851,
7,TRAINING,True,green_circle,2.3684451425113493,False,hit,0.31410000000149013,1788619789.541,18318.0,1788619789.227,18003.89999999851,
8,TRAINING,True,green_circle,2.362513377362487,False,hit,0.2625,1788619791.859,20636.099999999627,1788619791.597,20373.599999999627,
9,TRAINING,True,green_circle,2.550249419647427,False,hit,0.29219999999925494,1788619794.253,23029.39999999851,1788619793.96,22737.199999999255,
10,TRAINING,True,green_circle,2.338709183588725,False,hit,0.2619000000003725,1788619796.776,25552.599999999627,1788619796.514,25290.699999999255,
11,TRAINING,True,green_circle,2.5439635882599823,False,hit,0.254,1788619799.108,27884.699999999255,1788619798.854,27630.699999999255,
12,TRAINING,True,green_circle,2.400636220303006,False,hit,0.2704000000003725,1788619801.669,30445.5,1788619801.398,30175.099999999627,
13,TRAINING,True,green_circle,2.463945142283662,False,hit,0.254,1788619804.054,32830.39999999851,1788619803.8,32576.39999999851,
14,TRAINING,True,green_circle,2.5533384934290204,False,hit,0.2839000000003725,1788619806.55,35327.09999999963,1788619806.266,35043.199999999255,
15,TRAINING,True,green_circle,2.3234884502538837,False,hit,0.3202000000011176,1788619809.141,37917.5,1788619808.82,37597.29999999888,
16,TRAINING,True,green_circle,2.5618963563776296,False,hit,0.3767999999988824,1788619811.537,40313.89999999851,1788619811.16,39937.09999999963,
17,TRAINING,True,green_circle,2.3388235032020956,False,hit,0.31119999999925496,1788619814.034,42810.89999999851,1788619813.723,42499.699999999255,
18,TRAINING,True,green_circle,2.5301057463434455,False,hit,0.7685999999996275,1788619816.843,45620.29999999888,1788619816.075,44851.699999999255,
19,TRAINING,True,green_circle,2.487814694846754,False,omission,,,,1788619818.607,47383.699999999255,
20,TRAINING,True,green_circle,2.445049802325442,False,omission,,,,1788619821.098,49874.699999999255,
21,TRAINING,True,green_circle,2.464513174294889,False,omission,,,,1788619823.546,52322.79999999888,
22,TRAINING,True,green_circle,2.355040656729825,False,omission,,,,1788619826.015,54791.699999999255,
23,TRAINING,True,green_circle,2.4288745017629125,False,omission,,,,1788619828.371,57147.89999999851,
24,TRAINING,True,green_circle,2.414740952928056,False,omission,,,,1788619830.807,59584.29999999888,
25,TRAINING,True,green_circle,2.452775542637133,False,omission,,,,1788619833.223,61999.59999999963,
26,TRAINING,True,green_circle,2.402291927980032,False,omission,,,,1788619835.69,64466.39999999851,
27,TRAINING,True,green_circle,2.5017933422973444,False,omission,,,,1788619838.092,66869.09999999963,
28,TRAINING,True,green_circle,2.592087871938902,False,omission,,,,1788619840.594,69370.79999999888,
29,TRAINING,True,green_circle,2.5705368161949336,False,omission,,,,1788619843.187,71964.09999999963,
30,TRAINING,True,green_circle,2.432624653230854,False,omission,,,,1788619845.759,74535.59999999963,
31,TRAINING,True,green_circle,2.5673219325579066,False,hit,0.9011999999992549,1788619849.093,77869.69999999925,1788619848.192,76968.5,
32,TRAINING,True,green_circle,2.54840005147972,False,hit,0.31019999999925496,1788619851.071,79847.29999999888,1788619850.76,79537.09999999963,
33,TRAINING,True,green_circle,2.5410832232742377,False,hit,0.2782999999988824,1788619853.594,82370.89999999851,1788619853.316,82092.59999999963,
34,TRAINING,True,green_circle,2.3457565717366173,False,hit,0.8952000000011175,1788619856.754,85530.5,1788619855.859,84635.29999999888,
35,TRAINING,True,green_circle,2.4757515712415734,False,hit,0.4110999999996275,1788619858.616,87392.69999999925,1788619858.205,86981.59999999963,
36,TRAINING,True,green_circle,2.3051890397749033,False,hit,0.6529000000003725,1788619861.344,90121.29999999888,1788619860.691,89468.39999999851,
37,TRAINING,True,green_circle,2.449196748555358,False,hit,0.9045999999996275,1788619863.904,92680.39999999851,1788619862.999,91775.79999999888,
38,TRAINING,True,green_circle,2.339349148889304,False,hit,0.555,1788619866.005,94781.79999999888,1788619865.45,94226.79999999888,
39,TRAINING,True,green_circle,2.317041551698305,False,hit,0.8434000000003725,1788619868.644,97420.59999999963,1788619867.8,96577.19999999925,
40,TRAINING,True,green_circle,2.493378835966663,False,hit,0.5479000000003725,1788619870.676,99453.0,1788619870.128,98905.09999999963,
41,FOCUS,True,green_circle,2.076054147741504,True,hit,0.40319999999925493,1788619873.025,101802.29999999888,1788619872.622,101399.09999999963,0.0
42,FOCUS,True,green_circle,2.0465882114867324,True,hit,0.5382000000011176,1788619875.238,104015.0,1788619874.7,103476.79999999888,0.0
43,FOCUS,False,diamond,2.047164414565546,True,commission,0.38409999999962746,1788619877.131,105907.79999999888,1788619876.747,105523.69999999925,0.0
44,FOCUS,True,green_circle,2.0952276795680675,True,hit,0.5105,1788619879.306,108082.5,1788619878.795,107572.0,0.0
45,FOCUS,True,green_circle,2.1149265453435993,True,hit,0.517300000000745,1788619881.409,110185.59999999963,1788619880.891,109668.29999999888,0.0
46,FOCUS,True,green_circle,1.9493328404427066,True,hit,0.3309000000003725,1788619883.34,112117.19999999925,1788619883.009,111786.29999999888,0.0
47,FOCUS,False,square,1.9704515132579736,True,commission,0.36959999999962745,1788619885.34,114116.89999999851,1788619884.97,113747.29999999888,0.0
48,FOCUS,False,square,1.8611434092494235,True,commission,0.970199999999255,1788619887.913,116689.79999999888,1788619886.943,115719.59999999963,0.0
49,FOCUS,True,green_circle,1.9090269815300072,True,hit,0.6714000000003725,1788619889.476,118253.29999999888,1788619888.805,117581.89999999851,0.0
50,FOCUS,True,green_circle,1.928660184971702,True,hit,0.4509000000003725,1788619891.171,119948.09999999963,1788619890.72,119497.19999999925,0.0
51,FOCUS,True,green_circle,1.9569018025163827,True,hit,1.295199999999255,1788619893.957,122733.69999999925,1788619892.662,121438.5,1.0
52,FOCUS,True,green_circle,2.0787329897714217,True,omission,,,,1788619894.622,123398.59999999963,1.0
53,FOCUS,True,green_circle,2.093742710849231,True,omission,,,,1788619896.701,125477.79999999888,1.0
54,FOCUS,False,triangle,1.9031519408199085,True,commission,1.1572000000011176,1788619899.953,128730.0,1788619898.796,127572.79999999888,1.0
55,FOCUS,True,green_circle,2.044643911319252,True,hit,1.0589000000003725,1788619901.76,130536.5,1788619900.701,129477.59999999963,1.0
56,FOCUS,True,green_circle,2.0726717228383404,True,hit,0.674800000000745,1788619903.421,132197.69999999925,1788619902.746,131522.8999999985,0.0
57,FOCUS,True,green_circle,1.9425546167108074,True,hit,0.4095,1788619905.24,134016.8999999985,1788619904.831,133607.3999999985,0.0
58,FOCUS,True,green_circle,2.102064145765703,True,hit,0.626300000000745,1788619907.4,136177.09999999963,1788619906.774,135550.79999999888,0.0
59,FOCUS,True,green_circle,1.8994754381074332,True,hit,0.5600999999996275,1788619909.436,138213.29999999888,1788619908.876,137653.19999999925,0.0
60,FOCUS,False,diamond,1.9436303567528537,True,commission,0.39580000000074506,1788619911.18,139956.69999999925,1788619910.784,139560.8999999985,0.0
61,FOCUS,True,green_circle,2.004925201136216,True,hit,0.3894000000003725,1788619913.118,141895.0,1788619912.729,141505.59999999963,0.0
62,FOCUS,True,green_circle,1.990483400851988,True,hit,0.2875,1788619915.021,143798.3999999985,1788619914.734,143510.8999999985,0.0
63,FOCUS,False,diamond,1.9594666714930549,True,correct_rejection,,,,1788619916.726,145502.8999999985,0.0
64,FOCUS,False,triangle,2.1383937569265066,True,commission,0.4317000000011176,1788619919.123,147900.0,1788619918.692,147468.29999999888,0.0
65,FOCUS,False,triangle,1.8915960687972022,True,commission,0.7550999999996275,1788619921.592,150368.3999999985,1788619920.837,149613.29999999888,0.0
66,FOCUS,False,square,1.8901359608196011,True,commission,1.4416000000014901,1788619924.17,152947.0,1788619922.729,151505.3999999985,1.0
67,FOCUS,True,green_circle,1.860729240860601,True,omission,,,,1788619924.62,153396.59999999963,1.0
68,FOCUS,True,green_circle,1.9908231386245498,True,omission,,,,1788619926.481,155257.3999999985,1.0
69,FOCUS,False,square,2.0036805661076804,True,correct_rejection,,,,1788619928.484,157261.09999999963,0.0
70,FOCUS,False,square,1.9684314081859833,True,correct_rejection,,,,1788619930.489,159265.5,0.0
71,FOCUS,True,green_circle,2.0692347220822325,True,omission,,,,1788619932.457,161234.19999999925,1.0
72,FOCUS,False,triangle,1.997221848733391,True,correct_rejection,,,,1788619934.537,163314.19999999925,0.0
73,FOCUS,True,green_circle,1.8793237074505755,True,omission,,,,1788619936.549,165326.09999999963,1.0
74,FOCUS,False,square,1.8544612422410578,True,correct_rejection,,,,1788619938.43,167206.59999999963,0.0
75,FOCUS,True,green_circle,1.955657694433096,True,omission,,,,1788619940.285,169061.69999999925,1.0
76,FOCUS,False,square,2.0998336950082543,True,correct_rejection,,,,1788619942.241,171017.79999999888,0.0
77,FOCUS,False,triangle,2.1267280457362894,True,correct_rejection,,,,1788619944.341,173118.29999999888,0.0
78,FOCUS,True,green_circle,1.9532991992367121,True,omission,,,,1788619946.469,175245.3999999985,1.0
79,FOCUS,False,diamond,1.9754018503165873,True,correct_rejection,,,,1788619948.424,177200.5,0.0
80,FOCUS,True,green_circle,2.0820892850326844,True,omission,,,,1788619950.402,179178.69999999925,1.0
81,FOCUS,True,green_circle,1.9959518317428835,True,omission,,,,1788619952.485,181262.09999999963,1.0
82,FOCUS,True,green_circle,1.8626626868492657,True,omission,,,,1788619954.482,183258.79999999888,1.0
83,FOCUS,False,square,2.089400367667067,True,correct_rejection,,,,1788619956.344,185121.29999999888,0.0
84,FOCUS,False,diamond,2.14477961440339,True,correct_rejection,,,,1788619958.439,187216.09999999963,0.0
85,FOCUS,True,green_circle,1.9875580195154599,True,omission,,,,1788619960.596,189372.8999999985,1.0
86,FOCUS,False,square,2.0859643264066654,True,correct_rejection,,,,1788619962.584,191360.69999999925,0.0
87,FOCUS,True,green_circle,1.890707773692714,True,omission,,,,1788619964.67,193446.8999999985,1.0
88,FOCUS,True,green_circle,2.044621563320897,True,omission,,,,1788619966.565,195342.29999999888,1.0
89,FOCUS,False,diamond,1.9928553313093127,True,correct_rejection,,,,1788619968.625,197402.29999999888,0.0
90,FOCUS,False,diamond,2.106940327946103,True,correct_rejection,,,,1788619970.619,199395.8999999985,0.0
91,FOCUS,False,square,1.885983112999789,True,correct_rejection,,,,1788619972.737,201513.5,0.0
92,FOCUS,False,triangle,2.1075390879622953,True,correct_rejection,,,,1788619974.624,203400.8999999985,0.0
93,FOCUS,False,diamond,1.8705408678330187,True,correct_rejection,,,,1788619976.732,205508.5,0.0
94,FOCUS,True,green_circle,1.9756117449284074,True,omission,,,,1788619978.604,207380.79999999888,1.0
95,FOCUS,True,green_circle,2.097970739047533,True,omission,,,,1788619980.581,209357.59999999963,1.0
96,FOCUS,False,square,1.8619241298268596,True,correct_rejection,,,,1788619982.679,211455.5,0.0
97,FOCUS,False,square,2.148941604431815,True,correct_rejection,,,,1788619984.54,213317.0,0.0
98,FOCUS,True,green_circle,2.148560336030236,True,omission,,,,1788619986.69,215466.59999999963,1.0
99,FOCUS,False,diamond,1.9730995152559627,True,commission,0.7545,1788619989.593,218370.09999999963,1788619988.839,217615.59999999963,0.0
100,FOCUS,False,triangle,1.9131471570729628,True,correct_rejection,,,,1788619990.814,219590.8999999985,0.0
101,FOCUS,False,square,1.9745953410191799,True,correct_rejection,,,,1788619992.728,221505.19999999925,0.0
102,FOCUS,False,square,1.9045658600251325,True,correct_rejection,,,,1788619994.704,223481.0,0.0
103,FOCUS,True,green_circle,1.896651164334318,True,omission,,,,1788619996.609,225385.69999999925,1.0
104,FOCUS,False,triangle,1.8723846234061818,True,correct_rejection,,,,1788619998.519,227296.29999999888,0.0
105,FOCUS,False,square,1.858700691845696,True,correct_rejection,,,,1788620000.398,229174.5,0.0
106,FOCUS,False,diamond,1.9473947769724262,True,correct_rejection,,,,1788620002.258,231034.3999999985,0.0
107,FOCUS,False,diamond,1.9094682315533928,True,correct_rejection,,,,1788620004.206,232982.69999999925,0.0
108,FOCUS,False,square,2.0641284809439506,True,correct_rejection,,,,1788620006.116,234892.8999999985,0.0
109,FOCUS,False,triangle,1.9297626465808497,True,correct_rejection,,,,1788620008.181,236958.09999999963,0.0
110,FOCUS,False,square,2.1027188812498423,True,correct_rejection,,,,1788620010.112,238888.79999999888,0.0
111,FOCUS,False,square,2.0970284102845334,True,correct_rejection,,,,1788620012.215,240991.8999999985,0.0
112,FOCUS,False,triangle,1.9023499725551747,True,correct_rejection,,,,1788620014.313,243090.09999999963,0.0
113,FOCUS,False,diamond,1.893452987487229,True,correct_rejection,,,,1788620016.216,244993.0,0.0
114,FOCUS,False,triangle,2.065290721569084,True,correct_rejection,,,,1788620018.111,246887.3999999985,0.0
115,FOCUS,True,green_circle,1.859223379010128,True,omission,,,,1788620020.178,248954.3999999985,1.0
116,FOCUS,False,square,1.898445235992099,True,correct_rejection,,,,1788620022.038,250814.8999999985,0.0
117,FOCUS,True,green_circle,2.0896849643477005,True,omission,,,,1788620023.938,252715.0,1.0
118,FOCUS,False,triangle,1.9131764632061792,True,correct_rejection,,,,1788620026.029,254805.5,0.0
119,FOCUS,False,square,2.074022024730219,True,correct_rejection,,,,1788620027.942,256718.8999999985,0.0
120,FOCUS,True,green_circle,2.1003091448655336,True,hit,0.6195,1788620030.637,259414.29999999888,1788620030.018,258794.79999999888,0.0
121,FOCUS,True,green_circle,1.865615407970948,True,hit,0.40830000000074507,1788620032.528,261304.69999999925,1788620032.119,260896.3999999985,0.0
122,FOCUS,False,square,2.1168527604596674,True,correct_rejection,,,,1788620033.985,262762.0999999996,0.0
123,FOCUS,True,green_circle,2.091431182252925,True,omission,,,,1788620036.102,264878.7999999989,1.0
124,FOCUS,False,diamond,2.113181546547911,True,correct_rejection,,,,1788620038.196,266972.7999999989,0.0
125,FOCUS,False,triangle,2.030268493472746,True,correct_rejection,,,,1788620040.31,269087.0,0.0
126,FOCUS,True,green_circle,2.053829231020352,True,omission,,,,1788620042.343,271119.8999999985,1.0
127,FOCUS,True,green_circle,1.9378206958470807,True,omission,,,,1788620044.397,273174.0,1.0
128,FOCUS,True,green_circle,2.092381496919308,True,omission,,,,1788620046.336,275112.8999999985,1.0
129,FOCUS,True,green_circle,2.044642507896755,True,hit,0.7339000000003725,1788620049.163,277939.69999999925,1788620048.429,277205.7999999989,0.0
130,FOCUS,True,green_circle,2.009788031130857,True,omission,,,,1788620050.487,279263.5,1.0
131,FOCUS,True,green_circle,1.8978519191149368,True,omission,,,,1788620052.506,281283.2999999989,1.0
132,FOCUS,False,triangle,1.8533443705684054,True,correct_rejection,,,,1788620054.406,283182.7999999989,0.0
133,FOCUS,True,green_circle,2.0558675447570667,True,hit,1.2119000000003726,1788620057.472,286249.19999999925,1788620056.261,285037.2999999989,1.0
134,FOCUS,True,green_circle,1.8723565226400751,True,hit,0.30769999999925496,1788620058.637,287413.7999999989,1788620058.329,287106.0999999996,0.0
135,FOCUS,True,green_circle,1.8639764782657315,True,hit,0.5105999999996275,1788620060.725,289502.19999999925,1788620060.215,288991.5999999996,0.0
136,FOCUS,False,diamond,1.9017967146844297,True,correct_rejection,,,,1788620062.08,290857.3999999985,0.0
137,FOCUS,False,diamond,2.0655082531240008,True,commission,0.4077999999988824,1788620064.39,293166.7999999989,1788620063.982,292759.0,0.0
138,FOCUS,False,square,1.8508254640612152,True,correct_rejection,,,,1788620066.048,294824.8999999985,0.0
139,FOCUS,False,triangle,1.887396166261198,True,correct_rejection,,,,1788620067.899,296676.0,0.0
140,FOCUS,False,diamond,2.124545466068734,True,correct_rejection,,,,1788620069.788,298564.7999999989,0.0
141,FOCUS,True,green_circle,2.0818306321766817,True,omission,,,,1788620071.914,300690.5,1.0
142,FOCUS,False,triangle,1.8576921678832568,True,correct_rejection,,,,1788620073.996,302772.7999999989,0.0
143,FOCUS,True,green_circle,1.8536883844282062,True,hit,1.074300000000745,1788620076.928,305705.19999999925,1788620075.854,304630.8999999985,1.0
144,FOCUS,False,square,1.9598674060317163,True,correct_rejection,,,,1788620077.713,306490.19999999925,0.0
145,FOCUS,False,diamond,1.853253050220099,True,correct_rejection,,,,1788620079.676,308453.19999999925,0.0
146,FOCUS,False,triangle,1.887941876523803,True,correct_rejection,,,,1788620081.534,310310.7999999989,0.0
147,FOCUS,False,square,1.9960903928029325,True,correct_rejection,,,,1788620083.425,312202.0,0.0
148,FOCUS,True,green_circle,2.091059646278331,True,hit,0.3324000000003725,1788620085.759,314535.5999999996,1788620085.426,314203.19999999925,0.0
149,FOCUS,True,green_circle,1.9351192459942963,True,hit,0.36669999999925496,1788620087.889,316666.19999999925,1788620087.523,316299.5,0.0
150,FOCUS,True,green_circle,1.975880990982611,True,hit,1.3925999999996275,1788620090.852,319629.19999999925,1788620089.46,318236.5999999996,1.0
151,FOCUS,True,green_circle,2.05306281558926,True,omission,,,,1788620091.437,320213.5,1.0
152,FOCUS,True,green_circle,1.987626859043785,True,hit,0.9242999999988825,1788620094.415,323192.3999999985,1788620093.491,322268.0999999996,0.0
153,FOCUS,True,green_circle,1.9290077196021023,True,hit,0.6945,1788620096.174,324950.69999999925,1788620095.479,324256.19999999925,0.0
154,FOCUS,False,diamond,2.038605374600645,True,correct_rejection,,,,1788620097.409,326186.0999999996,0.0
155,FOCUS,False,triangle,1.9640996640468404,True,correct_rejection,,,,1788620099.448,328225.19999999925,0.0
156,FOCUS,True,green_circle,1.923376108443604,True,omission,,,,1788620101.414,330190.69999999925,1.0
157,FOCUS,True,green_circle,1.9742565432109251,True,omission,,,,1788620103.338,332114.3999999985,1.0
158,FOCUS,False,triangle,1.9223392622844577,True,correct_rejection,,,,1788620105.312,334089.2999999989,0.0
159,FOCUS,True,green_circle,2.073746920137458,True,omission,,,,1788620107.236,336013.19999999925,1.0
160,FOCUS,True,green_circle,1.9057723557676618,True,hit,0.8989000000003725,1788620110.21,338987.0,1788620109.311,338088.0999999996,0.0
161,FOCUS,True,green_circle,2.0567684001067725,True,hit,0.28680000000074507,1788620111.504,340281.0,1788620111.217,339994.19999999925,0.0
162,FOCUS,True,green_circle,1.9354967089082171,True,hit,0.30259999999962744,1788620113.577,342353.3999999985,1788620113.274,342050.7999999989,0.0
163,FOCUS,False,triangle,1.8792955562559026,True,commission,0.6517000000011176,1788620115.862,344639.0999999996,1788620115.211,343987.3999999985,0.0
164,FOCUS,True,green_circle,1.9495874029213565,True,hit,0.5589000000003725,1788620117.654,346430.7999999989,1788620117.095,345871.8999999985,0.0
165,FOCUS,False,triangle,1.9602897459293969,True,correct_rejection,,,,1788620119.051,347827.7999999989,0.0
166,FOCUS,False,diamond,1.8940293657766054,True,commission,0.6255,1788620121.638,350415.0,1788620121.013,349789.5,0.0
167,FOCUS,False,diamond,1.9080645249944403,True,correct_rejection,,,,1788620122.91,351687.2999999989,0.0
168,FOCUS,True,green_circle,1.86469211638544,True,omission,,,,1788620124.82,353596.5,1.0
169,FOCUS,True,green_circle,1.8740628226292488,True,hit,0.5274000000003726,1788620127.212,355988.7999999989,1788620126.685,355461.3999999985,0.0
170,FOCUS,False,diamond,1.8731112001028436,True,correct_rejection,,,,1788620128.567,357343.8999999985,0.0
171,FOCUS,False,square,1.9196876453623215,True,correct_rejection,,,,1788620130.441,359218.0,0.0
172,FOCUS,False,triangle,1.923502724832676,True,correct_rejection,,,,1788620132.361,361138.7999999989,0.0
173,FOCUS,True,green_circle,1.9762937361614494,True,omission,,,,1788620134.286,363062.5,1.0
174,FOCUS,False,triangle,1.9829830862203217,True,correct_rejection,,,,1788620136.263,365040.19999999925,0.0
175,FOCUS,True,green_circle,1.8911569541750348,True,omission,,,,1788620138.246,367022.8999999985,1.0
176,FOCUS,True,green_circle,2.0792581427329817,True,omission,,,,1788620140.138,368915.19999999925,1.0
177,FOCUS,True,green_circle,1.9472193285519017,True,omission,,,,1788620142.219,370996.0999999996,1.0
178,FOCUS,False,diamond,1.8843868929314596,True,correct_rejection,,,,1788620144.168,372945.2999999989,0.0
179,FOCUS,True,green_circle,1.8751773846294921,True,omission,,,,1788620146.054,374830.8999999985,1.0
180,FOCUS,False,square,2.0166656469499524,True,correct_rejection,,,,1788620147.931,376707.2999999989,0.0
181,FOCUS,False,triangle,1.9333785181925074,True,correct_rejection,,,,1788620149.948,378724.8999999985,0.0
182,FOCUS,True,green_circle,1.8517525539082471,True,omission,,,,1788620151.882,380659.0999999996,1.0
183,FOCUS,False,triangle,2.054631776066203,True,correct_rejection,,,,1788620153.736,382512.5999999996,0.0
184,FOCUS,False,triangle,1.979234773052259,True,correct_rejection,,,,1788620155.79,384567.2999999989,0.0
185,FOCUS,False,triangle,1.9929763715839852,True,correct_rejection,,,,1788620157.77,386547.0999999996,0.0
186,FOCUS,True,green_circle,1.88733723597688,True,omission,,,,1788620159.764,388541.0999999996,1.0
187,FOCUS,False,diamond,1.9925554357983575,True,correct_rejection,,,,1788620161.657,390433.5999999996,0.0
188,FOCUS,True,green_circle,1.991620257203503,True,hit,0.42719999999925495,1788620164.078,392854.8999999985,1788620163.651,392427.69999999925,0.0
189,FOCUS,False,square,2.1175430824025225,True,correct_rejection,,,,1788620165.643,394420.0,0.0
190,FOCUS,False,triangle,2.0978899270822855,True,correct_rejection,,,,1788620167.76,396537.2999999989,0.0
191,FOCUS,True,green_circle,1.9905369596686149,True,hit,0.3592999999988824,1788620170.219,398995.3999999985,1788620169.859,398636.0999999996,0.0
192,FOCUS,False,triangle,1.868915913942713,True,correct_rejection,,,,1788620171.85,400627.19999999925,0.0
193,FOCUS,True,green_circle,2.130988588625235,True,hit,0.33059999999962747,1788620174.051,402827.8999999985,1788620173.721,402497.2999999989,0.0
194,FOCUS,False,square,2.116688840653808,True,correct_rejection,,,,1788620175.862,404638.3999999985,0.0
195,FOCUS,True,green_circle,2.1235399243328414,True,hit,0.3545999999996275,1788620178.333,407109.5999999996,1788620177.978,406755.0,0.0
196,FOCUS,False,triangle,1.8501434103376806,True,correct_rejection,,,,1788620180.103,408879.5,0.0
197,FOCUS,True,green_circle,2.115467675110745,True,hit,0.7526000000014901,1788620182.707,411483.5,1788620181.954,410730.8999999985,0.0
198,FOCUS,True,green_circle,2.034121706430515,True,hit,0.4367000000011176,1788620184.519,413295.5,1788620184.082,412858.7999999989,0.0
199,FOCUS,False,square,2.0237327659244317,True,commission,0.48220000000111757,1788620186.599,415375.5,1788620186.116,414893.2999999989,0.0
200,FOCUS,False,triangle,2.132586290564686,True,correct_rejection,,,,1788620188.143,416919.3999999985,0.0
201,CONTROL,True,green_circle,1.6838790054486197,True,hit,0.8500999999996275,1788620191.127,419903.69999999925,1788620190.277,419053.5999999996,0.0
202,CONTROL,False,red_circle,1.5885736526810885,True,correct_rejection,,,,1788620191.963,420739.8999999985,0.0
203,CONTROL,False,red_circle,1.5546011403009956,True,correct_rejection,,,,1788620193.552,422329.19999999925,0.0
204,CONTROL,True,green_circle,1.6965049512828774,True,hit,0.8265,1788620195.944,424721.2999999989,1788620195.118,423894.7999999989,0.0
205,CONTROL,False,red_circle,1.5991939460512372,True,correct_rejection,,,,1788620196.819,425596.19999999925,0.0
206,CONTROL,True,green_circle,1.6545217967540131,True,omission,,,,1788620198.419,427196.2999999989,1.0
207,CONTROL,True,green_circle,1.4669076242577312,True,omission,,,,1788620200.075,428852.19999999925,1.0
208,CONTROL,True,green_circle,1.4841640658463815,True,hit,0.7714000000003726,1788620202.348,431124.5,1788620201.576,430353.0999999996,0.0
209,CONTROL,False,red_circle,1.5910836047714423,True,correct_rejection,,,,1788620203.081,431858.0999999996,0.0
210,CONTROL,True,green_circle,1.7140730853534774,True,hit,0.4785999999996275,1788620205.153,433929.8999999985,1788620204.674,433451.2999999989,0.0
211,CONTROL,True,green_circle,1.745404239586531,True,hit,0.4770999999996275,1788620206.867,435643.69999999925,1788620206.39,435166.5999999996,0.0
212,CONTROL,True,green_circle,1.633995379555876,True,hit,0.43289999999850987,1788620208.569,437345.8999999985,1788620208.136,436913.0,0.0
213,CONTROL,False,red_circle,1.499824677956553,True,commission,0.4074000000003725,1788620210.179,438956.0,1788620209.772,438548.5999999996,0.0
214,CONTROL,True,green_circle,1.5166951701136757,True,hit,0.4139000000003725,1788620211.687,440464.0,1788620211.273,440050.0999999996,0.0
215,CONTROL,False,red_circle,1.458405855016626,True,correct_rejection,,,,1788620212.79,441566.7999999989,0.0
216,CONTROL,False,red_circle,1.4949988945082358,True,correct_rejection,,,,1788620214.291,443067.69999999925,0.0
217,CONTROL,True,green_circle,1.4733730779404075,True,hit,0.827,1788620216.619,445395.5,1788620215.792,444568.5,0.0
218,CONTROL,True,green_circle,1.4745680088196738,True,hit,1.34310000000149,1788620218.645,447421.5,1788620217.302,446078.3999999985,1.0
219,CONTROL,True,green_circle,1.5158815968320047,True,hit,1.378800000000745,1788620220.191,448968.19999999925,1788620218.813,447589.3999999985,1.0
220,CONTROL,True,green_circle,1.4875716310390972,True,omission,,,,1788620220.329,449106.2999999989,1.0
221,CONTROL,False,red_circle,1.6352609360154464,True,correct_rejection,,,,1788620221.83,450607.19999999925,0.0
222,CONTROL,True,green_circle,1.6911702276808995,True,omission,,,,1788620223.468,452244.69999999925,1.0
223,CONTROL,True,green_circle,1.672203010799047,True,omission,,,,1788620225.173,453950.0,1.0
224,CONTROL,True,green_circle,1.547242440066904,True,omission,,,,1788620226.846,455623.2999999989,1.0
225,CONTROL,True,green_circle,1.6024913551094382,True,omission,,,,1788620228.404,457180.3999999985,1.0
226,CONTROL,False,red_circle,1.6470898137876175,True,correct_rejection,,,,1788620230.007,458783.8999999985,0.0
227,CONTROL,True,green_circle,1.6981583268283638,True,omission,,,,1788620231.658,460434.5999999996,1.0
228,CONTROL,False,red_circle,1.5855830544358243,True,correct_rejection,,,,1788620233.358,462134.69999999925,0.0
229,CONTROL,False,red_circle,1.5782829082566912,True,correct_rejection,,,,1788620234.98,463756.5,0.0
230,CONTROL,True,green_circle,1.5185017795628117,True,omission,,,,1788620236.559,465335.7999999989,1.0
231,CONTROL,True,green_circle,1.7494573214023168,True,omission,,,,1788620238.078,466855.3999999985,1.0
232,CONTROL,False,red_circle,1.6799093054892849,True,correct_rejection,,,,1788620239.829,468606.0999999996,0.0
233,CONTROL,True,green_circle,1.5197675667478912,True,omission,,,,1788620241.525,470301.5999999996,1.0
234,CONTROL,False,red_circle,1.7255329834137978,True,correct_rejection,,,,1788620243.056,471833.2999999989,0.0
235,CONTROL,False,red_circle,1.6598568083820633,True,correct_rejection,,,,1788620244.783,473560.0,0.0
236,CONTROL,True,green_circle,1.6602237013268146,True,omission,,,,1788620246.453,475230.19999999925,1.0
237,CONTROL,False,red_circle,1.557975578156523,True,correct_rejection,,,,1788620248.118,476895.2999999989,0.0
238,CONTROL,True,green_circle,1.565018799659375,True,omission,,,,1788620249.684,478460.3999999985,1.0
239,CONTROL,False,red_circle,1.4643202685015875,True,correct_rejection,,,,1788620251.251,480027.3999999985,0.0
240,CONTROL,True,green_circle,1.5097697095178408,True,omission,,,,1788620252.754,481530.5999999996,1.0
241,CONTROL,False,red_circle,1.4573778554414032,True,correct_rejection,,,,1788620254.28,483056.5,0.0
242,CONTROL,True,green_circle,1.6097807662429022,True,omission,,,,1788620255.784,484561.0999999996,1.0
243,CONTROL,True,green_circle,1.6301665735687965,True,omission,,,,1788620257.395,486172.0,1.0
244,CONTROL,True,green_circle,1.5846791985330757,True,omission,,,,1788620259.026,487802.8999999985,1.0
245,CONTROL,False,red_circle,1.5841809875763677,True,commission,0.839,1788620261.451,490227.69999999925,1788620260.612,489388.69999999925,0.0
246,CONTROL,True,green_circle,1.5400715814310806,True,hit,0.41369999999925494,1788620262.612,491388.3999999985,1788620262.198,490974.69999999925,0.0
247,CONTROL,True,green_circle,1.725065046714716,True,hit,0.48940000000037254,1788620264.24,493017.2999999989,1788620263.751,492527.8999999985,0.0
248,CONTROL,False,red_circle,1.6336897264171157,True,correct_rejection,,,,1788620265.485,494262.2999999989,0.0
249,CONTROL,True,green_circle,1.6773335847407873,True,omission,,,,1788620267.119,495895.8999999985,1.0
250,CONTROL,False,red_circle,1.4916665170197043,True,correct_rejection,,,,1788620268.799,497576.0,0.0
251,CONTROL,False,red_circle,1.7085937619198264,True,correct_rejection,,,,1788620270.301,499077.5,0.0
252,CONTROL,False,red_circle,1.7267916886099537,True,correct_rejection,,,,1788620272.011,500787.5999999996,0.0
253,CONTROL,True,green_circle,1.69279746198405,True,hit,1.246,1788620274.984,503761.0,1788620273.738,502515.0,1.0
254,CONTROL,False,red_circle,1.5687113191923672,True,correct_rejection,,,,1788620275.432,504208.5,0.0
255,CONTROL,False,red_circle,1.7231601974937214,True,correct_rejection,,,,1788620277.002,505778.5,0.0
256,CONTROL,False,red_circle,1.572580935988006,True,correct_rejection,,,,1788620278.735,507512.0999999996,0.0
257,CONTROL,True,green_circle,1.4550190961562155,True,omission,,,,1788620280.308,509084.69999999925,1.0
258,CONTROL,False,red_circle,1.6276837811521117,True,correct_rejection,,,,1788620281.809,510586.0999999996,0.0
259,CONTROL,False,red_circle,1.5064783164374238,True,correct_rejection,,,,1788620283.437,512214.19999999925,0.0
260,CONTROL,True,green_circle,1.5329590570838731,True,omission,,,,1788620284.951,513728.0999999996,1.0
261,CONTROL,True,green_circle,1.6860838364653776,True,omission,,,,1788620286.499,515275.5,1.0
262,CONTROL,False,red_circle,1.632686396903616,True,correct_rejection,,,,1788620288.198,516974.5999999996,0.0
263,CONTROL,False,red_circle,1.6498732771471218,True,correct_rejection,,,,1788620289.831,518607.5999999996,0.0
264,CONTROL,True,green_circle,1.6563272620367795,True,omission,,,,1788620291.481,520257.8999999985,1.0
265,CONTROL,True,green_circle,1.7279639021764206,True,omission,,,,1788620293.139,521915.5,1.0
266,CONTROL,False,red_circle,1.5366076182349206,True,correct_rejection,,,,1788620294.868,523644.8999999985,0.0
267,CONTROL,False,red_circle,1.6113749353537345,True,correct_rejection,,,,1788620296.405,525182.1999999993,0.0
268,CONTROL,False,red_circle,1.6351175381104184,True,correct_rejection,,,,1788620298.018,526794.7999999989,0.0
269,CONTROL,True,green_circle,1.6052202257205166,True,omission,,,,1788620299.654,528431.2999999989,1.0
270,CONTROL,True,green_circle,1.6733000497869008,True,omission,,,,1788620301.262,530038.5,1.0
271,CONTROL,False,red_circle,1.5686920535419295,True,correct_rejection,,,,1788620302.936,531712.8999999985,0.0
272,CONTROL,True,green_circle,1.5415433555613895,True,hit,0.5393999999985098,1788620305.046,533822.3999999985,1788620304.506,533283.0,0.0
273,CONTROL,False,red_circle,1.5588826719957307,True,correct_rejection,,,,1788620306.048,534825.0999999996,0.0
274,CONTROL,True,green_circle,1.4949382722494629,True,hit,0.8297999999988824,1788620308.442,537219.2999999989,1788620307.613,536389.5,0.0
275,CONTROL,False,red_circle,1.5890338161200657,True,correct_rejection,,,,1788620309.114,537890.3999999985,0.0
276,CONTROL,False,red_circle,1.7150501054443381,True,correct_rejection,,,,1788620310.703,539480.2999999989,0.0
277,CONTROL,False,red_circle,1.457923281377627,True,correct_rejection,,,,1788620312.42,541197.0999999996,0.0
278,CONTROL,True,green_circle,1.6299841735599343,True,omission,,,,1788620313.922,542698.5999999996,1.0
279,CONTROL,False,red_circle,1.7303312975518068,True,correct_rejection,,,,1788620315.552,544328.5,0.0
280,CONTROL,False,red_circle,1.7049433356604962,True,correct_rejection,,,,1788620317.284,546060.6999999993,0.0
281,CONTROL,False,red_circle,1.7448526144701666,True,correct_rejection,,,,1788620318.989,547765.3999999985,0.0
282,CONTROL,False,red_circle,1.57594194393087,True,correct_rejection,,,,1788620320.733,549510.0,0.0
283,CONTROL,False,red_circle,1.7273201038661525,True,correct_rejection,,,,1788620322.31,551086.5999999996,0.0
284,CONTROL,True,green_circle,1.735149948022619,True,omission,,,,1788620324.038,552815.1999999993,1.0
285,CONTROL,True,green_circle,1.6443072277319086,True,omission,,,,1788620325.776,554552.5,1.0
286,CONTROL,False,red_circle,1.734028867913838,True,correct_rejection,,,,1788620327.421,556198.2999999989,0.0
287,CONTROL,True,green_circle,1.485499937670425,True,hit,0.35989999999850986,1788620329.517,558293.3999999985,1788620329.157,557933.5,0.0
288,CONTROL,True,green_circle,1.5345781412967767,True,hit,0.4173000000007451,1788620331.075,559852.1999999993,1788620330.658,559434.8999999985,0.0
289,CONTROL,True,green_circle,1.577066791141393,True,hit,0.419,1788620332.612,561388.8999999985,1788620332.193,560969.8999999985,0.0
290,CONTROL,True,green_circle,1.6819499263954145,True,hit,0.32680000000074505,1788620334.098,562875.1999999993,1788620333.772,562548.3999999985,0.0
291,CONTROL,False,red_circle,1.495605950609685,True,correct_rejection,,,,1788620335.454,564231.1999999993,0.0
292,CONTROL,False,red_circle,1.5504198878648576,True,correct_rejection,,,,1788620336.955,565732.0,0.0
293,CONTROL,True,green_circle,1.6846242665544064,True,omission,,,,1788620338.517,567294.0999999996,1.0
294,CONTROL,False,red_circle,1.6288417385121967,True,correct_rejection,,,,1788620340.202,568978.7999999989,0.0
295,CONTROL,True,green_circle,1.597725447744283,True,omission,,,,1788620341.832,570608.6999999993,1.0
296,CONTROL,False,red_circle,1.5993369230782606,True,correct_rejection,,,,1788620343.431,572207.5999999996,0.0
297,CONTROL,True,green_circle,1.721871738032553,True,omission,,,,1788620345.032,573809.0999999996,1.0
298,CONTROL,True,green_circle,1.5816445299154895,True,omission,,,,1788620346.755,575531.5999999996,1.0
299,CONTROL,True,green_circle,1.4957392092736448,True,omission,,,,1788620348.338,577114.8999999985,1.0
300,CONTROL,True,green_circle,1.4673478265287172,True,omission,,,,1788620349.84,578616.5,1.0
301,CONTROL,False,red_circle,1.524706816660141,True,correct_rejection,,,,1788620351.341,580118.0999999996,0.0
302,CONTROL,False,red_circle,1.654505832000967,True,correct_rejection,,,,1788620352.871,581647.6999999993,0.0
303,CONTROL,True,green_circle,1.6516922204632962,True,omission,,,,1788620354.537,583313.7999999989,1.0
304,CONTROL,True,green_circle,1.7339047280373738,True,omission,,,,1788620356.189,584965.6999999993,1.0
305,CONTROL,False,red_circle,1.497335639112061,True,correct_rejection,,,,1788620357.923,586700.1999999993,0.0
306,CONTROL,False,red_circle,1.4875618356153102,True,correct_rejection,,,,1788620359.424,588201.2999999989,0.0
307,CONTROL,True,green_circle,1.546228764031579,True,hit,0.766300000000745,1788620361.692,590469.0999999996,1788620360.926,589702.7999999989,0.0
308,CONTROL,True,green_circle,1.5547871644835327,True,hit,0.34230000000074506,1788620362.816,591593.1999999993,1788620362.474,591250.8999999985,0.0
309,CONTROL,False,red_circle,1.7138046580734443,True,correct_rejection,,,,1788620364.029,592805.5,0.0
310,CONTROL,False,red_circle,1.4924447748779226,True,correct_rejection,,,,1788620365.743,594519.6999999993,0.0
311,CONTROL,True,green_circle,1.4600181022245065,True,hit,0.4148999999985099,1788620367.659,596435.3999999985,1788620367.244,596020.5,0.0
312,CONTROL,False,red_circle,1.5915593655577926,True,correct_rejection,,,,1788620368.745,597521.7999999989,0.0
313,CONTROL,False,red_circle,1.6181130526515317,True,correct_rejection,,,,1788620370.339,599115.7999999989,0.0
314,CONTROL,True,green_circle,1.7171398152914439,True,omission,,,,1788620371.958,600735.2999999989,1.0
315,CONTROL,False,red_circle,1.454718142067343,True,correct_rejection,,,,1788620373.685,602461.5,0.0
316,CONTROL,False,red_circle,1.614606691274301,True,correct_rejection,,,,1788620375.187,603963.5,0.0
317,CONTROL,True,green_circle,1.665905706651513,True,omission,,,,1788620376.802,605578.6999999993,1.0
318,CONTROL,False,red_circle,1.6039493533599631,True,correct_rejection,,,,1788620378.48,607257.0,0.0
319,CONTROL,True,green_circle,1.6251966405106817,True,omission,,,,1788620380.085,608861.5999999996,1.0
320,CONTROL,True,green_circle,1.7069708867956876,True,omission,,,,1788620381.712,610488.5,1.0
321,CONTROL,True,green_circle,1.7187174911498257,True,omission,,,,1788620383.419,612196.0999999996,1.0
322,CONTROL,True,green_circle,1.7459819274399528,True,omission,,,,1788620385.139,613915.5999999996,1.0
323,CONTROL,False,red_circle,1.6403920473293228,True,correct_rejection,,,,1788620386.885,615662.2999999989,0.0
324,CONTROL,False,red_circle,1.6741178778172658,True,correct_rejection,,,,1788620388.527,617304.1999999993,0.0
325,CONTROL,False,red_circle,1.688275788204364,True,correct_rejection,,,,1788620390.219,618995.8999999985,0.0
326,CONTROL,True,green_circle,1.6322966956108165,True,hit,0.36880000000074503,1788620392.286,621063.0999999996,1788620391.917,620694.2999999989,0.0
327,CONTROL,False,red_circle,1.6068541083648729,True,correct_rejection,,,,1788620393.564,622341.0,0.0
328,CONTROL,False,red_circle,1.6457806021294026,True,correct_rejection,,,,1788620395.171,623948.1999999993,0.0
329,CONTROL,False,red_circle,1.4672299122505996,True,correct_rejection,,,,1788620396.818,625594.3999999985,0.0
330,CONTROL,False,red_circle,1.6519847234216516,True,correct_rejection,,,,1788620398.319,627096.0,0.0
331,CONTROL,False,red_circle,1.550581989449071,True,correct_rejection,,,,1788620399.973,628749.6999999993,0.0
332,CONTROL,True,green_circle,1.5190455684054154,True,omission,,,,1788620401.524,630301.0,1.0
333,CONTROL,False,red_circle,1.5550617778468427,True,correct_rejection,,,,1788620403.057,631834.0999999996,0.0
334,CONTROL,False,red_circle,1.678089032888587,True,correct_rejection,,,,1788620404.622,633399.2999999989,0.0
335,CONTROL,True,green_circle,1.6937161640432747,True,omission,,,,1788620406.304,635080.7999999989,1.0
336,CONTROL,False,red_circle,1.4529633291694388,True,correct_rejection,,,,1788620407.997,636774.0999999996,0.0
337,CONTROL,True,green_circle,1.5485571039339652,True,omission,,,,1788620409.499,638275.5,1.0
338,CONTROL,True,green_circle,1.5537376409292778,True,omission,,,,1788620411.047,639824.3999999985,1.0
339,CONTROL,False,red_circle,1.617028343552867,True,correct_rejection,,,,1788620412.616,641392.7999999989,0.0
340,CONTROL,True,green_circle,1.5829440438771394,True,omission,,,,1788620414.235,643011.5,1.0
341,CONTROL,False,red_circle,1.5599026177024444,True,correct_rejection,,,,1788620415.824,644600.8999999985,0.0
342,CONTROL,False,red_circle,1.61416447031894,True,correct_rejection,,,,1788620417.394,646170.5999999996,0.0
343,CONTROL,False,red_circle,1.4531107050403183,True,correct_rejection,,,,1788620419.009,647786.2999999989,0.0
344,CONTROL,True,green_circle,1.626251973628831,True,omission,,,,1788620420.511,649287.3999999985,1.0
345,CONTROL,True,green_circle,1.7467940854751922,True,omission,,,,1788620422.138,650915.1999999993,1.0
346,CONTROL,False,red_circle,1.7097929930708007,True,correct_rejection,,,,1788620423.893,652670.0,0.0
347,CONTROL,False,red_circle,1.575990185687926,True,correct_rejection,,,,1788620425.619,654396.0,0.0
348,CONTROL,False,red_circle,1.5085098818570275,True,correct_rejection,,,,1788620427.196,655972.6999999993,0.0
349,CONTROL,False,red_circle,1.522680959454965,True,correct_rejection,,,,1788620428.716,657493.1999999993,0.0
350,CONTROL,False,red_circle,1.6961957787880204,True,correct_rejection,,,,1788620430.248,659025.0,0.0
351,CONTROL,False,red_circle,1.4684701297814258,True,correct_rejection,,,,1788620431.946,660722.5,0.0
352,CONTROL,True,green_circle,1.52881378700327,True,omission,,,,1788620433.447,662223.7999999989,1.0
353,CONTROL,False,red_circle,1.4563033654000586,True,correct_rejection,,,,1788620434.977,663754.0999999996,0.0
354,CONTROL,True,green_circle,1.474320029699408,True,omission,,,,1788620436.479,665255.8999999985,1.0
355,CONTROL,False,red_circle,1.7080252602740376,True,correct_rejection,,,,1788620437.98,666757.2999999989,0.0
356,CONTROL,False,red_circle,1.4829295116642398,True,correct_rejection,,,,1788620439.69,668466.3999999985,0.0
357,CONTROL,True,green_circle,1.5158635703914578,True,omission,,,,1788620441.19,669967.1999999993,1.0
358,CONTROL,False,red_circle,1.546610492314659,True,correct_rejection,,,,1788620442.707,671483.7999999989,0.0
359,CONTROL,True,green_circle,1.559128233509328,True,omission,,,,1788620444.269,673045.3999999985,1.0
360,CONTROL,True,green_circle,1.492688445208196,True,omission,,,,1788620445.834,674610.6999999993,1.0
361,DISTRACTION,True,green_circle,1.1908772952992361,True,omission,,,,1788620447.335,676111.7999999989,1.0
362,DISTRACTION,False,square,1.4109329683194,True,correct_rejection,,,,1788620448.846,677623.1999999993,0.0
363,DISTRACTION,False,diamond,1.2961604000823046,True,correct_rejection,,,,1788620450.348,679125.1999999993,0.0
364,DISTRACTION,False,square,1.2104947215980466,True,correct_rejection,,,,1788620451.849,680625.7999999989,0.0
365,DISTRACTION,True,green_circle,1.2232097157627222,True,omission,,,,1788620453.351,682127.5999999996,1.0
366,DISTRACTION,True,green_circle,1.2491692168845618,True,omission,,,,1788620454.852,683629.3999999985,1.0
367,DISTRACTION,True,green_circle,1.434335161241183,True,omission,,,,1788620456.354,685130.3999999985,1.0
368,DISTRACTION,True,green_circle,1.4369360246088214,True,omission,,,,1788620457.855,686632.3999999985,1.0
369,DISTRACTION,False,cross,1.3810699393676016,True,correct_rejection,,,,1788620459.357,688133.6999999993,0.0
370,DISTRACTION,True,green_circle,1.442637614364476,True,omission,,,,1788620460.858,689634.6999999993,1.0
371,DISTRACTION,True,green_circle,1.3235522554823542,True,omission,,,,1788620462.359,691136.0999999996,1.0
372,DISTRACTION,False,triangle,1.263183724468972,True,correct_rejection,,,,1788620463.862,692638.3999999985,0.0
373,DISTRACTION,False,diamond,1.4170551480012366,True,correct_rejection,,,,1788620465.363,694139.8999999985,0.0
374,DISTRACTION,False,triangle,1.1721949341832008,True,correct_rejection,,,,1788620466.864,695641.2999999989,0.0
375,DISTRACTION,False,diamond,1.170457084128116,True,correct_rejection,,,,1788620468.366,697142.3999999985,0.0
376,DISTRACTION,False,cross,1.2845955586915871,True,correct_rejection,,,,1788620469.867,698644.1999999993,0.0
377,DISTRACTION,False,diamond,1.4157186276377947,True,correct_rejection,,,,1788620471.374,700151.0,0.0
378,DISTRACTION,False,cross,1.2907183002991816,True,correct_rejection,,,,1788620472.875,701652.0999999996,0.0
379,DISTRACTION,False,cross,1.1911565521162424,True,correct_rejection,,,,1788620474.38,703156.5999999996,0.0
380,DISTRACTION,True,green_circle,1.2981190972356942,True,hit,0.753300000000745,1788620476.643,705419.6999999993,1788620475.89,704666.3999999985,0.0
381,DISTRACTION,True,green_circle,1.2204505990189067,True,hit,0.4531000000014901,1788620477.85,706626.5,1788620477.396,706173.3999999985,0.0
382,DISTRACTION,False,diamond,1.174538193645501,True,correct_rejection,,,,1788620478.909,707685.7999999989,0.0
383,DISTRACTION,True,green_circle,1.3038565885047673,True,omission,,,,1788620480.414,709190.5999999996,1.0
384,DISTRACTION,False,square,1.241373989782609,True,correct_rejection,,,,1788620481.918,710694.8999999985,0.0
385,DISTRACTION,True,green_circle,1.308643612561072,True,omission,,,,1788620483.421,712198.0999999996,1.0
386,DISTRACTION,True,green_circle,1.2601921249051373,True,omission,,,,1788620484.924,713700.5999999996,1.0
387,DISTRACTION,False,triangle,1.1500495631767267,True,correct_rejection,,,,1788620486.436,715212.5,0.0
388,DISTRACTION,False,triangle,1.4437692290331519,True,correct_rejection,,,,1788620487.943,716719.8999999985,0.0
389,DISTRACTION,True,green_circle,1.2130666346992314,True,omission,,,,1788620489.451,718228.0999999996,1.0
390,DISTRACTION,False,cross,1.3687823886240105,True,correct_rejection,,,,1788620490.953,719730.0999999996,0.0
391,DISTRACTION,False,diamond,1.277636231169514,True,correct_rejection,,,,1788620492.456,721232.3999999985,0.0
392,DISTRACTION,True,green_circle,1.1560813246349078,True,hit,0.5918000000007451,1788620494.562,723339.0,1788620493.97,722747.1999999993,0.0
393,DISTRACTION,False,square,1.301740807161429,True,correct_rejection,,,,1788620495.471,724248.0999999996,0.0
394,DISTRACTION,False,diamond,1.3845007743743833,True,correct_rejection,,,,1788620496.98,725756.6999999993,0.0
395,DISTRACTION,False,square,1.2352045566962992,True,correct_rejection,,,,1788620498.483,727259.8999999985,0.0
396,DISTRACTION,False,diamond,1.29934253924678,True,correct_rejection,,,,1788620499.986,728763.0,0.0
397,DISTRACTION,False,square,1.240347413849118,True,correct_rejection,,,,1788620501.493,730270.2999999989,0.0
398,DISTRACTION,True,green_circle,1.394912369440569,True,hit,0.43580000000074504,1788620503.445,732222.0,1788620503.009,731786.1999999993,0.0
399,DISTRACTION,True,green_circle,1.3356322683105744,True,omission,,,,1788620504.51,733286.7999999989,1.0
400,DISTRACTION,True,green_circle,1.2186481036726455,True,omission,,,,1788620506.022,734798.5,1.0
401,DISTRACTION,False,square,1.238388922527552,True,correct_rejection,,,,1788620507.527,736303.5999999996,0.0
402,DISTRACTION,True,green_circle,1.2620680807703029,True,omission,,,,1788620509.04,737817.0999999996,1.0
403,DISTRACTION,True,green_circle,1.1668573861202014,True,omission,,,,1788620510.545,739321.6999999993,1.0
404,DISTRACTION,False,triangle,1.3893908932376342,True,correct_rejection,,,,1788620512.053,740830.1999999993,0.0
405,DISTRACTION,True,green_circle,1.4202548685093492,True,omission,,,,1788620513.572,742348.3999999985,1.0
406,DISTRACTION,False,diamond,1.1597930885567955,True,correct_rejection,,,,1788620515.083,743859.5999999996,0.0
407,DISTRACTION,False,cross,1.1834039760344486,True,correct_rejection,,,,1788620516.585,745361.3999999985,0.0
408,DISTRACTION,False,triangle,1.257629388200585,True,correct_rejection,,,,1788620518.086,746862.7999999989,0.0
409,DISTRACTION,False,cross,1.3199132860477458,True,correct_rejection,,,,1788620519.59,748367.0,0.0
410,DISTRACTION,True,green_circle,1.2924576481785404,True,omission,,,,1788620521.096,749872.5,1.0
411,DISTRACTION,False,diamond,1.2042415337124306,True,correct_rejection,,,,1788620522.611,751387.8999999985,0.0
412,DISTRACTION,True,green_circle,1.3588879194246726,True,omission,,,,1788620524.12,752897.0,1.0
413,DISTRACTION,False,diamond,1.2664936816112524,True,correct_rejection,,,,1788620525.625,754401.8999999985,0.0
414,DISTRACTION,False,diamond,1.2029969250008574,True,correct_rejection,,,,1788620527.14,755917.1999999993,0.0
415,DISTRACTION,False,triangle,1.1531752207283392,True,correct_rejection,,,,1788620528.645,757422.0999999996,0.0
416,DISTRACTION,True,green_circle,1.3153232436793552,True,omission,,,,1788620530.147,758923.7999999989,1.0
417,DISTRACTION,False,diamond,1.2554178366870246,True,correct_rejection,,,,1788620531.654,760430.5,0.0
418,DISTRACTION,False,triangle,1.3890450462041546,True,correct_rejection,,,,1788620533.157,761933.8999999985,0.0
419,DISTRACTION,False,triangle,1.358417158861157,True,correct_rejection,,,,1788620534.663,763440.2999999989,0.0
420,DISTRACTION,True,green_circle,1.1575251125621557,True,omission,,,,1788620536.166,764943.2999999989,1.0
421,DISTRACTION,True,green_circle,1.4198960702019492,True,omission,,,,1788620537.681,766457.8999999985,1.0
422,DISTRACTION,False,triangle,1.1643894808704875,True,correct_rejection,,,,1788620539.194,767971.2999999989,0.0
423,DISTRACTION,False,diamond,1.1966818341600634,True,correct_rejection,,,,1788620540.702,769479.2999999989,0.0
424,DISTRACTION,True,green_circle,1.3090914797202846,True,omission,,,,1788620542.203,770980.2999999989,1.0
425,DISTRACTION,False,cross,1.1506230571346165,True,correct_rejection,,,,1788620543.705,772482.0999999996,0.0
426,DISTRACTION,False,cross,1.4476619956947174,True,correct_rejection,,,,1788620545.222,773998.3999999985,0.0
427,DISTRACTION,True,green_circle,1.2137210572299866,True,omission,,,,1788620546.726,775503.0,1.0
428,DISTRACTION,True,green_circle,1.2496864908542975,True,omission,,,,1788620548.231,777007.3999999985,1.0
429,DISTRACTION,False,square,1.3272522779743652,True,correct_rejection,,,,1788620549.737,778513.8999999985,0.0
430,DISTRACTION,False,diamond,1.3877865794282491,True,correct_rejection,,,,1788620551.241,780017.5999999996,0.0
431,DISTRACTION,False,square,1.2920017329291853,True,correct_rejection,,,,1788620552.75,781526.7999999989,0.0
432,DISTRACTION,False,triangle,1.4396803742222422,True,correct_rejection,,,,1788620554.259,783035.3999999985,0.0
433,DISTRACTION,True,green_circle,1.2809889132841212,True,omission,,,,1788620555.761,784537.3999999985,1.0
434,DISTRACTION,False,square,1.1594987928594769,True,correct_rejection,,,,1788620557.27,786046.5999999996,0.0
435,DISTRACTION,False,triangle,1.3156175569175976,True,correct_rejection,,,,1788620558.772,787548.5999999996,0.0
436,DISTRACTION,False,diamond,1.3948319603814632,True,correct_rejection,,,,1788620560.284,789060.5999999996,0.0
437,DISTRACTION,False,square,1.3230592787429916,True,correct_rejection,,,,1788620561.788,790565.0999999996,0.0
438,DISTRACTION,True,green_circle,1.2569689195260203,True,omission,,,,1788620563.292,792068.6999999993,1.0
439,DISTRACTION,False,square,1.297359357054405,True,correct_rejection,,,,1788620564.796,793572.5999999996,0.0
440,DISTRACTION,True,green_circle,1.1807379474249213,True,omission,,,,1788620566.3,795076.5999999996,1.0
441,DISTRACTION,True,green_circle,1.285955943554201,True,omission,,,,1788620567.803,796580.0,1.0
442,DISTRACTION,False,cross,1.4451466176785184,True,correct_rejection,,,,1788620569.307,798083.5999999996,0.0
443,DISTRACTION,False,square,1.2816070341290293,True,correct_rejection,,,,1788620570.813,799590.0,0.0
444,DISTRACTION,True,green_circle,1.1894668921115836,True,omission,,,,1788620572.318,801094.5999999996,1.0
445,DISTRACTION,False,triangle,1.4142374382450682,True,correct_rejection,,,,1788620573.823,802599.7999999989,0.0
446,DISTRACTION,True,green_circle,1.4369814724524796,True,omission,,,,1788620575.339,804115.7999999989,1.0
447,DISTRACTION,True,green_circle,1.3493576704615227,True,omission,,,,1788620576.843,805619.3999999985,1.0
448,DISTRACTION,False,triangle,1.4466739843402658,True,correct_rejection,,,,1788620578.358,807134.5999999996,0.0
449,DISTRACTION,False,diamond,1.4285347352055577,True,correct_rejection,,,,1788620579.868,808645.0,0.0
450,DISTRACTION,False,cross,1.4400003967524824,True,correct_rejection,,,,1788620581.384,810161.1999999993,0.0
451,DISTRACTION,True,green_circle,1.4153578121584682,True,omission,,,,1788620582.893,811670.0,1.0
452,DISTRACTION,True,green_circle,1.2912142480874236,True,omission,,,,1788620584.42,813197.0999999996,1.0
453,DISTRACTION,True,green_circle,1.2763830033889294,True,omission,,,,1788620585.937,814714.0999999996,1.0
454,DISTRACTION,False,cross,1.272693740722582,True,correct_rejection,,,,1788620587.442,816219.1999999993,0.0
455,DISTRACTION,True,green_circle,1.1682474878995501,True,omission,,,,1788620588.986,817762.6999999993,1.0
456,DISTRACTION,True,green_circle,1.2129008920176654,True,omission,,,,1788620590.496,819272.5999999996,1.0
457,DISTRACTION,True,green_circle,1.3345745643865694,True,hit,0.7705999999996275,1788620592.781,821558.0999999996,1788620592.011,820787.5,0.0
458,DISTRACTION,True,green_circle,1.1637715495371166,True,hit,0.5677000000011175,1788620594.084,822861.0,1788620593.516,822293.2999999989,0.0
459,DISTRACTION,True,green_circle,1.3250911903455693,True,omission,,,,1788620595.027,823803.5999999996,1.0
460,DISTRACTION,False,square,1.3849886670114113,True,correct_rejection,,,,1788620596.536,825312.5999999996,0.0
461,DISTRACTION,True,green_circle,1.2800235034479517,True,omission,,,,1788620598.052,826829.3999999985,1.0
462,DISTRACTION,False,square,1.2892018642643577,True,correct_rejection,,,,1788620599.555,828332.0999999996,0.0
463,DISTRACTION,False,diamond,1.3287203009027047,True,correct_rejection,,,,1788620601.069,829846.2999999989,0.0
464,DISTRACTION,False,triangle,1.3242753178926303,True,correct_rejection,,,,1788620602.584,831360.2999999989,0.0
465,DISTRACTION,True,green_circle,1.362441090271085,True,omission,,,,1788620604.099,832876.0999999996,1.0
466,DISTRACTION,True,green_circle,1.4079751125007975,True,omission,,,,1788620605.608,834385.1999999993,1.0
467,DISTRACTION,False,cross,1.2890527732529566,True,correct_rejection,,,,1788620607.116,835893.2999999989,0.0
468,DISTRACTION,False,square,1.2354765794705511,True,correct_rejection,,,,1788620608.631,837407.3999999985,0.0
469,DISTRACTION,True,green_circle,1.1964061271134574,True,omission,,,,1788620610.144,838921.0999999996,1.0
470,DISTRACTION,True,green_circle,1.288551169222702,True,omission,,,,1788620611.651,840427.7999999989,1.0
471,DISTRACTION,True,green_circle,1.4112322524257872,True,omission,,,,1788620613.164,841941.0,1.0
472,DISTRACTION,False,cross,1.2392341084118124,True,correct_rejection,,,,1788620614.669,843445.8999999985,0.0
473,DISTRACTION,True,green_circle,1.3630643705424537,True,omission,,,,1788620616.175,844951.6999999993,1.0
474,DISTRACTION,False,triangle,1.420673129821708,True,correct_rejection,,,,1788620617.682,846459.2999999989,0.0
475,DISTRACTION,False,cross,1.340985557297381,True,correct_rejection,,,,1788620619.194,847971.0999999996,0.0
476,DISTRACTION,True,green_circle,1.389351815553634,True,omission,,,,1788620620.7,849477.1999999993,1.0
477,DISTRACTION,False,square,1.3712583816468542,True,correct_rejection,,,,1788620622.212,850988.6999999993,0.0
478,DISTRACTION,False,square,1.31356748267309,True,correct_rejection,,,,1788620623.728,852504.6999999993,0.0
479,DISTRACTION,False,cross,1.2035283754555433,True,correct_rejection,,,,1788620625.231,854007.7999999989,0.0
480,DISTRACTION,False,triangle,1.3837033664567535,True,correct_rejection,,,,1788620626.742,855518.7999999989,0.0
