interval_id,phase,scored,start_ts,end_ts,interval_valid,D_i,mean_velocity,mean_acceleration,movement_variance,total_blinks,gaze_deviations
1,TRAINING,False,1788617892.411,1788617894.962,True,,3.2339523335303184,40.435851920819275,0.06024169860645351,0,0
2,TRAINING,False,1788617894.962,1788617897.394,True,,4.837376165563611,41.8453436698288,0.12994174758911223,0,0
3,TRAINING,False,1788617897.394,1788617899.829,True,,2.9753664436251364,20.929858982346243,0.034255583917256145,0,0
4,TRAINING,False,1788617899.829,1788617902.235,True,,1.9748515105825446,15.459976697107274,0.019616573934815626,0,0
5,TRAINING,False,1788617902.235,1788617904.575,True,,2.0380780404695122,15.401998181972568,0.02105378041312048,0,0
6,TRAINING,False,1788617904.575,1788617907.081,True,,2.5543461801298757,22.071132831240604,0.025636829030499308,0,0
7,TRAINING,False,1788617907.081,1788617909.676,True,,4.2747870588736285,33.96383032030685,0.07439424496136114,0,0
8,TRAINING,False,1788617909.676,1788617912.232,True,,3.704804289666112,29.35930482701302,0.058775747371186224,0,0
9,TRAINING,False,1788617912.232,1788617914.649,True,,2.599002132201867,16.925832082930594,0.028082044372648208,0,0
10,TRAINING,False,1788617914.649,1788617917.189,True,,3.8167551119788787,28.286714398208836,0.06406720988712254,0,0
11,TRAINING,False,1788617917.189,1788617919.667,True,,2.6938625600316257,19.703623950221893,0.04054959762439712,0,0
12,TRAINING,False,1788617919.667,1788617922.262,False,,0.9761483665720997,6.700114502185858,0.004690701867262366,1,1
13,TRAINING,False,1788617922.262,1788617924.861,True,,1.9268933912691797,15.295011303633277,0.012750345469990952,0,0
14,TRAINING,False,1788617924.861,1788617927.431,True,,2.103816729928895,14.391511689467865,0.021217098356758887,0,0
15,TRAINING,False,1788617927.431,1788617929.927,True,,3.332763305556987,24.875516372127212,0.04849911492243639,0,0
16,TRAINING,False,1788617929.927,1788617932.327,True,,2.088434404314808,14.523711065418631,0.019945253252328283,0,0
17,TRAINING,False,1788617932.327,1788617934.697,True,,2.52214605386283,18.0199907560755,0.027551456219271304,0,0
18,TRAINING,False,1788617934.697,1788617937.035,True,,2.16021796983093,21.566542628469932,0.025121395831502552,0,0
19,TRAINING,False,1788617937.035,1788617939.443,True,,3.1666660117776146,21.605276111915106,0.039521656789987834,0,9
20,TRAINING,False,1788617939.443,1788617941.895,True,,3.4051635254260013,25.53454151367232,0.06132104770827971,0,7
21,TRAINING,False,1788617941.895,1788617944.449,True,,2.676412626975029,22.268944016293858,0.03429423528805127,0,0
22,TRAINING,False,1788617944.449,1788617946.815,True,,2.4448740827639663,17.022339891784107,0.035358663698566446,1,2
23,TRAINING,False,1788617946.815,1788617949.321,False,,2.334280071714229,12.698537817097574,0.026182960182067738,1,2
24,TRAINING,False,1788617949.321,1788617951.901,True,,4.051996211667246,26.333784469279994,0.05725198366334971,1,0
25,TRAINING,False,1788617951.901,1788617954.363,True,,3.2725912662339636,21.60709191471668,0.066338405450527,0,0
26,TRAINING,False,1788617954.363,1788617956.959,True,,2.463360874155417,17.299443960178635,0.024341788629296056,0,0
27,TRAINING,False,1788617956.959,1788617959.506,True,,2.8665833849402556,24.300127801175783,0.03674400572882047,0,0
28,TRAINING,False,1788617959.506,1788617961.847,True,,3.0923126903942624,23.499151025027093,0.039436031409365885,1,0
29,TRAINING,False,1788617961.847,1788617964.217,True,,1.8841992520825521,14.057025791460168,0.014318491430957559,0,0
30,TRAINING,False,1788617964.217,1788617966.678,True,,2.382863262035079,19.09475280826345,0.030482363133496018,0,0
31,TRAINING,False,1788617966.678,1788617969.269,True,,2.916381486946778,24.603332265229657,0.046831260361037935,0,1
32,TRAINING,False,1788617969.269,1788617971.769,False,,5.448237440368088,36.05186881222213,0.23393763903565265,1,0
33,TRAINING,False,1788617971.769,1788617974.167,False,,5.503301550470458,36.11469005140448,0.13301276347900867,0,0
34,TRAINING,False,1788617974.167,1788617976.524,False,,8.787168928771608,56.688849081296205,0.23487322098723976,0,0
35,TRAINING,False,1788617976.524,1788617979.118,False,,8.187691505336007,51.27046595164074,2.5246681730352565,0,0
36,TRAINING,False,1788617979.118,1788617981.653,False,,13.130064928096262,82.15881718924771,0.11632343902174512,0,0
37,TRAINING,False,1788617981.653,1788617984.073,False,,19.43414630658864,121.85073919645681,0.22758589394113496,0,0
38,TRAINING,False,1788617984.073,1788617986.629,False,,13.028253853398184,101.9692519054775,0.14220733959774787,0,0
39,TRAINING,False,1788617986.629,1788617989.124,True,,1.1529609788048498,7.864216527497038,0.08553587895037355,0,2
40,TRAINING,False,1788617989.124,1788617991.598,True,,1.46069102806017,10.112328826554126,0.010387622738222848,0,0
41,FOCUS,True,1788617991.598,1788617993.476,True,1.0,1.8688739715548435,8.498198616690734,0.016387345542246474,1,0
42,FOCUS,True,1788617993.476,1788617995.478,True,1.0,1.337408955690663,7.08003487068657,0.010377035815027356,0,0
43,FOCUS,True,1788617995.478,1788617997.451,True,1.0,1.272941895570181,7.016874463411488,0.00801528183079116,0,2
44,FOCUS,True,1788617997.451,1788617999.326,True,1.0,1.0031297961887313,6.946902400460182,0.004891117776896699,0,0
45,FOCUS,True,1788617999.326,1788618001.254,True,1.0,0.9042211951069448,4.608824197872078,0.003300975059535787,0,8
46,FOCUS,True,1788618001.254,1788618003.213,True,1.0,1.1604277685696542,8.105578969284737,0.00622915038292103,0,0
47,FOCUS,True,1788618003.213,1788618005.262,True,1.0,1.0411658819224523,4.520559593517511,0.004446556693465181,0,0
48,FOCUS,True,1788618005.262,1788618007.303,True,1.0,1.2891194614995118,9.28152030829058,0.0077481564731351465,0,5
49,FOCUS,True,1788618007.303,1788618009.265,True,1.0,1.0224673078566249,7.1313362317898195,0.0053225179431061155,0,0
50,FOCUS,True,1788618009.265,1788618011.282,True,1.0,1.1157151911501346,3.9390537354850417,0.005414466296964878,0,0
51,FOCUS,True,1788618011.282,1788618013.35,True,1.0,1.2140261829012138,7.993847175242979,0.0068850651114887125,0,0
52,FOCUS,True,1788618013.35,1788618015.344,True,1.0,1.4982209987998063,7.128538414567314,0.008793088260852937,0,0
53,FOCUS,True,1788618015.344,1788618017.428,True,1.0,1.9416036143628248,12.44480064104645,0.021658067619087944,0,0
54,FOCUS,True,1788618017.428,1788618019.505,True,1.0,0.8972530662430703,5.282912280301684,0.004094148492413382,1,0
55,FOCUS,True,1788618019.505,1788618021.383,True,1.0,0.9980007469738807,5.11577027233713,0.00423569962962881,1,0
56,FOCUS,True,1788618021.383,1788618023.332,True,1.0,1.017194736795783,5.186696138405619,0.004165638260439231,1,0
57,FOCUS,True,1788618023.332,1788618025.203,True,1.0,1.4534034205504511,10.391740724901442,0.009670144942295377,0,0
58,FOCUS,True,1788618025.203,1788618027.144,True,1.0,1.5094543123608275,11.802302413273827,0.012359023800554647,0,0
59,FOCUS,True,1788618027.144,1788618029.129,True,1.0,1.4196676737445961,9.175488910906402,0.010097598240826887,0,0
60,FOCUS,True,1788618029.129,1788618031.278,True,1.0,1.1678798229049552,8.719559203662122,0.006083092943642091,0,0
61,FOCUS,True,1788618031.278,1788618033.271,True,1.0,1.0223552141585337,5.09812003678552,0.004893570604693067,0,0
62,FOCUS,True,1788618033.271,1788618035.339,True,1.0,1.2555490108571448,10.024282148563083,0.0072004892475737,0,0
63,FOCUS,True,1788618035.339,1788618037.407,True,1.0,1.1511280970979703,7.984933604010686,0.006820019843491463,0,0
64,FOCUS,True,1788618037.407,1788618039.439,True,1.0,1.3735209120171639,8.5833860292439,0.0074790104365596135,0,0
65,FOCUS,True,1788618039.439,1788618041.567,True,1.0,1.5062380974371987,11.255826568043657,0.009855401906416617,0,0
66,FOCUS,True,1788618041.567,1788618043.565,True,1.0,1.2934161582832124,9.643323679385187,0.009114167365930095,0,0
67,FOCUS,True,1788618043.565,1788618045.528,True,1.0,1.3611402158522048,7.406917843245147,0.007515071168051053,0,0
68,FOCUS,True,1788618045.528,1788618047.423,True,1.0,1.3390987204393199,10.422875092504539,0.007993746708203497,0,0
69,FOCUS,True,1788618047.423,1788618049.545,True,1.0,0.8955041205069163,8.227962093651264,0.004613939549621448,0,0
70,FOCUS,True,1788618049.545,1788618051.397,True,1.0,1.1693862516575082,6.5077703721014695,0.006797635944179906,0,0
71,FOCUS,True,1788618051.397,1788618053.318,True,1.0,1.3247437637814685,9.355896094691111,0.0073446030915909665,0,0
72,FOCUS,True,1788618053.318,1788618055.279,True,1.0,1.2129830569654256,9.093116153520047,0.007878977611296453,0,0
73,FOCUS,True,1788618055.279,1788618057.338,True,1.0,1.320184290419992,10.76161476492139,0.012021678903650766,0,0
74,FOCUS,True,1788618057.338,1788618059.35,True,1.0,1.2785169635481795,7.964996816400093,0.007847701428975791,0,0
75,FOCUS,True,1788618059.35,1788618061.459,True,1.0,1.1241148129463976,6.564608134719774,0.005854531231633844,0,0
76,FOCUS,True,1788618061.459,1788618063.589,True,1.0,1.291018876395803,12.095070139784532,0.007814153322919825,0,0
77,FOCUS,True,1788618063.589,1788618065.446,True,1.0,1.2809469090174415,6.551282331720177,0.007000069079903857,0,0
78,FOCUS,True,1788618065.446,1788618067.325,True,1.0,1.1582370722538853,7.131579583275897,0.0059695796111191,0,0
79,FOCUS,True,1788618067.325,1788618069.313,True,1.0,1.1680523791809523,8.383749530367743,0.006699423651023837,0,0
80,FOCUS,True,1788618069.313,1788618071.189,True,1.0,0.7540522261301592,4.559779592489549,0.0031102491125640196,1,0
81,FOCUS,True,1788618071.189,1788618073.116,True,1.0,1.3045868113407102,9.391245622043112,0.008667416253709277,1,0
82,FOCUS,True,1788618073.116,1788618075.25,True,1.0,1.5736461336819905,13.019823541684886,0.011398313654757289,0,3
83,FOCUS,True,1788618075.25,1788618077.389,True,1.0,1.1878103236512636,6.205109985830945,0.006592182867877969,0,2
84,FOCUS,True,1788618077.389,1788618079.453,True,1.0,1.5281841245542749,11.696952991293845,0.009354537218849967,0,0
85,FOCUS,True,1788618079.453,1788618081.489,True,1.0,1.1866213394153238,7.6026992123120545,0.008445080488230453,0,0
86,FOCUS,True,1788618081.489,1788618083.358,True,1.0,1.2973100773287871,6.850858583793058,0.007076446140982632,0,0
87,FOCUS,True,1788618083.358,1788618085.215,True,1.0,1.6400878744586762,14.029223267064687,0.016774758296928118,1,0
88,FOCUS,True,1788618085.215,1788618087.302,True,1.0,1.6843884312193755,15.949317063791975,0.017221691807831736,0,1
89,FOCUS,True,1788618087.302,1788618089.314,True,1.0,1.395643779098965,7.782840232258552,0.007820810767960179,1,0
90,FOCUS,True,1788618089.314,1788618091.173,True,1.0,1.4316934828941799,10.740252808276445,0.012119428514515938,0,0
91,FOCUS,True,1788618091.173,1788618093.068,True,1.0,1.8862577398125517,14.56756298066911,0.02089200508918312,0,0
92,FOCUS,True,1788618093.068,1788618094.964,True,1.0,2.111785817250965,12.696474271868185,0.02207986708383558,0,0
93,FOCUS,True,1788618094.964,1788618097.091,True,1.0,1.4398052085721094,9.971589966382563,0.009907938852267088,0,2
94,FOCUS,True,1788618097.091,1788618099.215,True,1.0,1.7692270653474889,14.303715540147872,0.019477092858321526,0,0
95,FOCUS,True,1788618099.215,1788618101.271,True,1.0,1.5994491056242561,14.09387232295866,0.012995791832900202,1,0
96,FOCUS,True,1788618101.271,1788618103.183,True,1.0,2.635138002774479,16.67211860083613,0.025648281487777317,0,0
97,FOCUS,True,1788618103.183,1788618105.147,True,1.0,1.4933827122949244,15.181705454286345,0.013908654454117176,0,0
98,FOCUS,True,1788618105.147,1788618107.036,True,1.0,1.5706441844679604,15.936641145822486,0.01704754696258164,0,0
99,FOCUS,True,1788618107.036,1788618108.888,True,1.0,2.158928974214705,15.34508099090004,0.019712222796501047,0,0
100,FOCUS,True,1788618108.888,1788618110.898,True,1.0,2.1120902844421177,16.424199655744616,0.020976709058826044,0,0
101,FOCUS,True,1788618110.898,1788618113.011,True,1.0,2.174670755664815,13.655681596348044,0.018200284265882674,0,0
102,FOCUS,True,1788618113.011,1788618114.977,True,1.0,1.8526808230069034,10.327775112768348,0.012602774948158372,0,0
103,FOCUS,True,1788618114.977,1788618116.924,True,1.0,2.225206488268525,16.508052899367424,0.019728203940506506,1,0
104,FOCUS,True,1788618116.924,1788618118.823,True,1.0,1.4613500391908927,11.864750664189145,0.010039432548486877,1,0
105,FOCUS,True,1788618118.823,1788618120.717,True,1.0,1.5078484693566596,9.390234830793954,0.010448705729067875,0,0
106,FOCUS,True,1788618120.717,1788618122.708,True,1.0,1.3654059741716749,8.886134349042996,0.007562757034291756,0,0
107,FOCUS,True,1788618122.708,1788618124.834,True,1.0,0.9972041979440966,10.114038948717111,0.0056034528702969206,1,0
108,FOCUS,True,1788618124.834,1788618126.795,True,1.0,0.9657526641662431,6.763836811401726,0.005166004163822161,0,0
109,FOCUS,True,1788618126.795,1788618128.73,True,1.0,1.3535701355424292,9.115327213273197,0.007189105320132287,0,1
110,FOCUS,True,1788618128.73,1788618130.823,True,1.0,1.084785156285542,8.331096868022138,0.005454773240812923,0,0
111,FOCUS,True,1788618130.823,1788618132.734,True,1.0,1.4841375691824106,10.793944040403765,0.009240850993779394,0,0
112,FOCUS,True,1788618132.734,1788618134.738,True,1.0,1.5728544302379441,10.675992608384467,0.010905726927798743,0,0
113,FOCUS,True,1788618134.738,1788618136.744,True,1.0,1.2801493961073163,7.976418200454198,0.007604268967864482,0,0
114,FOCUS,True,1788618136.744,1788618138.767,True,1.0,1.7663658968544962,11.347925345689214,0.013367199400999378,0,4
115,FOCUS,True,1788618138.767,1788618140.851,True,1.0,1.8291556086886172,12.745484427642225,0.012461986819022056,0,0
116,FOCUS,True,1788618140.851,1788618143.001,True,1.0,1.739840221302142,9.25793001655952,0.010915370377281327,1,14
117,FOCUS,True,1788618143.001,1788618145.067,True,1.0,1.7483370258263762,15.683776516855104,0.019379928735950784,0,3
118,FOCUS,True,1788618145.067,1788618147.085,True,1.0,1.6772907912398025,13.327206756861568,0.015592100497418706,1,0
119,FOCUS,True,1788618147.085,1788618149.154,True,1.0,2.1815615850257655,19.025093923161155,0.029318995657516358,0,0
120,FOCUS,True,1788618149.154,1788618151.301,True,1.0,1.7185390280277781,12.888389348013634,0.015546389532931667,0,8
121,FOCUS,True,1788618151.301,1788618153.212,True,1.0,1.4956380593381915,9.298922281679301,0.010702450572545161,0,10
122,FOCUS,True,1788618153.212,1788618155.158,True,1.0,2.0615462810756697,17.339427718727656,0.020728747977119898,0,8
123,FOCUS,True,1788618155.158,1788618157.124,True,1.0,3.2905731852384457,22.689873492112632,0.054248218744497846,0,0
124,FOCUS,True,1788618157.124,1788618159.223,True,1.0,2.3186135496294127,17.53525040725327,0.023599945509101296,0,0
125,FOCUS,True,1788618159.223,1788618161.288,True,1.0,2.550305641774499,16.975914936543088,0.032793983156444335,0,0
126,FOCUS,True,1788618161.288,1788618163.265,True,1.0,2.2712806197861957,10.878288548649815,0.023602860969040514,0,0
127,FOCUS,True,1788618163.265,1788618165.414,True,1.0,3.3086427119874458,22.15953405536887,0.042322241001166515,0,0
128,FOCUS,True,1788618165.414,1788618167.296,True,1.0,3.2259345578690546,30.093615175471815,0.054984440918160814,0,0
129,FOCUS,True,1788618167.296,1788618169.256,True,1.0,2.074388810673288,17.436248379373097,0.024456256875406042,0,0
130,FOCUS,True,1788618169.256,1788618171.354,True,1.0,2.1037434695248813,19.655451239930592,0.02327788098360383,0,5
131,FOCUS,True,1788618171.354,1788618173.491,True,1.0,1.419147248659083,8.161455699197205,0.009099654924924974,0,0
132,FOCUS,True,1788618173.491,1788618175.455,True,1.0,1.1481021209738542,5.962225342071761,0.005056678364349919,0,0
133,FOCUS,True,1788618175.455,1788618177.543,True,1.0,1.3819979037241252,8.507328507216073,0.00794752985890489,0,0
134,FOCUS,True,1788618177.543,1788618179.61,True,1.0,1.5368734335788894,10.332909609912075,0.011168022872958172,0,0
135,FOCUS,True,1788618179.61,1788618181.727,True,1.0,1.1825636035043119,7.712577744891306,0.007582908736700862,0,0
136,FOCUS,True,1788618181.727,1788618183.657,True,1.0,1.6060333389127186,9.841491550196272,0.01270467527662555,0,0
137,FOCUS,True,1788618183.657,1788618185.742,True,1.0,1.531597802247596,9.410305385383042,0.01303765380380453,0,0
138,FOCUS,True,1788618185.742,1788618187.813,True,1.0,1.0257610683494627,5.862801718740066,0.005495800917164795,1,0
139,FOCUS,True,1788618187.813,1788618189.705,True,1.0,1.8052622099449003,11.430530355012175,0.012709446630206534,1,7
140,FOCUS,True,1788618189.705,1788618191.679,True,1.0,1.1862505678931758,9.897948499344823,0.007221461946585175,0,1
141,FOCUS,True,1788618191.679,1788618193.676,True,1.0,2.1284817574698773,15.98156078218768,0.01862490767183659,0,0
142,FOCUS,True,1788618193.676,1788618195.662,True,1.0,1.3312982764805663,14.227944797838578,0.010594452754308054,1,8
143,FOCUS,True,1788618195.662,1788618197.601,True,1.0,1.4675214576654398,11.679837897410025,0.012095126413051977,0,0
144,FOCUS,True,1788618197.601,1788618199.54,True,1.0,1.3457470301679457,9.19654636971508,0.009080925991351782,1,10
145,FOCUS,True,1788618199.54,1788618201.427,True,1.0,1.882101920097994,10.275082788769387,0.014763869347957502,0,7
146,FOCUS,True,1788618201.427,1788618203.548,True,1.0,1.264059739773791,10.224693889782658,0.008889441064200839,1,0
147,FOCUS,True,1788618203.548,1788618205.604,True,1.0,1.7230563728999495,14.648066253852281,0.016148439793875535,0,3
148,FOCUS,True,1788618205.604,1788618207.713,True,1.0,1.8438315897358706,14.263474864712139,0.020109199487810477,0,6
149,FOCUS,True,1788618207.713,1788618209.793,True,1.0,1.0725707509632865,9.687682615323782,0.006654403353970839,0,4
150,FOCUS,True,1788618209.793,1788618211.717,True,1.0,1.3431582129182935,9.626284644303654,0.008591964729045302,1,0
151,FOCUS,True,1788618211.717,1788618213.737,True,1.0,1.623606006100734,11.01944014573584,0.014196236208980657,0,2
152,FOCUS,True,1788618213.737,1788618215.876,True,1.0,2.1147875794526967,11.907313679525904,0.01897541335728359,1,4
153,FOCUS,True,1788618215.876,1788618217.827,True,1.0,1.3883423339313028,14.3690417442501,0.010881890017407372,0,0
154,FOCUS,True,1788618217.827,1788618219.708,True,1.0,1.2313759043724621,7.803092680878641,0.00810592658864376,0,15
155,FOCUS,True,1788618219.708,1788618221.649,True,1.0,1.4087374551611749,12.524871440980053,0.011227697538186553,0,2
156,FOCUS,True,1788618221.649,1788618223.789,True,1.0,1.2539278070782256,7.366125571474596,0.006985808296399855,0,0
157,FOCUS,True,1788618223.789,1788618225.646,True,1.0,1.0935235924697466,7.936002040824616,0.006373644265068838,1,0
158,FOCUS,True,1788618225.646,1788618227.749,True,1.0,1.5059169082859358,13.446500007618956,0.009827278060734211,0,3
159,FOCUS,True,1788618227.749,1788618229.862,True,1.0,1.303677953241461,11.636407763260522,0.008983352224006449,0,0
160,FOCUS,True,1788618229.862,1788618231.814,True,1.0,1.610456812935743,9.548195673386818,0.016183998575255758,1,0
161,FOCUS,True,1788618231.814,1788618233.745,True,1.0,1.451451073567789,8.284271645721235,0.009903359269461464,1,0
162,FOCUS,True,1788618233.745,1788618235.649,True,1.0,1.7984742745660938,17.50173057890026,0.01922554204048617,0,0
163,FOCUS,True,1788618235.649,1788618237.55,True,1.0,1.560710556437984,8.148910613632273,0.01353856726349456,1,0
164,FOCUS,True,1788618237.55,1788618239.473,True,1.0,1.1638749072974353,8.987254361914705,0.0077635973257754835,0,0
165,FOCUS,True,1788618239.473,1788618241.587,True,1.0,1.3860956234156103,9.72562151158958,0.01005971328049172,0,0
166,FOCUS,True,1788618241.587,1788618243.717,True,1.0,1.4825716652944065,11.379820662723915,0.012539933269894884,1,0
167,FOCUS,True,1788618243.717,1788618245.814,True,1.0,1.4021798203376048,12.230200839599531,0.013860118719849723,0,0
168,FOCUS,True,1788618245.814,1788618247.858,True,1.0,1.1836763854170693,8.829382960331628,0.008414345790577978,0,0
169,FOCUS,True,1788618247.858,1788618249.983,True,1.0,1.516784962395662,12.734812022730479,0.013138427509399081,0,0
170,FOCUS,True,1788618249.983,1788618251.887,True,1.0,0.9421017378752189,7.250438549092842,0.004578297470819498,2,0
171,FOCUS,True,1788618251.887,1788618253.899,True,1.0,1.4536106036066456,10.322189729606285,0.010114651493737668,0,0
172,FOCUS,True,1788618253.899,1788618255.983,True,1.0,1.3362474961649913,6.953352356779466,0.009539271066945198,0,0
173,FOCUS,True,1788618255.983,1788618257.902,True,1.0,1.103232257492769,7.4155115908272276,0.005127048138761417,0,0
174,FOCUS,True,1788618257.902,1788618259.913,True,1.0,1.5364442848053768,11.101701797436156,0.010880477689429876,0,0
175,FOCUS,True,1788618259.913,1788618261.81,True,1.0,1.4767367522125296,9.987898372810958,0.010083388056769702,1,0
176,FOCUS,True,1788618261.81,1788618263.933,True,1.0,1.3021507286617104,8.00226139224592,0.007640067911861968,0,0
177,FOCUS,True,1788618263.933,1788618265.991,True,1.0,0.8590958713323884,5.300036145043871,0.003938942015246154,0,0
178,FOCUS,True,1788618265.991,1788618268.125,True,1.0,1.2120930508829397,7.6407337919390645,0.007558493118991028,2,0
179,FOCUS,True,1788618268.125,1788618270.123,True,1.0,1.2280219617656873,6.659938053226272,0.006979614172295298,0,0
180,FOCUS,True,1788618270.123,1788618272.137,True,1.0,1.7029895110206918,13.060236764669147,0.01616812904713624,0,0
181,FOCUS,True,1788618272.137,1788618274.159,True,1.0,1.3371239852606367,8.928248371945408,0.009521114714253705,0,0
182,FOCUS,True,1788618274.159,1788618276.036,True,1.0,1.3158561749348203,9.460133965981528,0.007545681754673062,0,0
183,FOCUS,True,1788618276.036,1788618278.021,True,1.0,1.688520837768556,11.408825666765322,0.01385168057537367,0,0
184,FOCUS,True,1788618278.021,1788618280.05,True,1.0,1.1178360648680643,8.83462646096692,0.006076215954070708,0,0
185,FOCUS,True,1788618280.05,1788618281.907,True,1.0,1.3221511513602706,8.868893201823369,0.011557659397683733,0,0
186,FOCUS,True,1788618281.907,1788618284.017,True,1.0,1.210557358904779,7.04466933479459,0.007647360448682102,0,0
187,FOCUS,True,1788618284.017,1788618286.036,True,1.0,1.4495914387921232,12.267003608250246,0.01007303523296871,2,0
188,FOCUS,True,1788618286.036,1788618287.888,True,1.0,1.0647746390912742,4.1100551730021015,0.009970715533789355,0,0
189,FOCUS,True,1788618287.888,1788618289.816,True,1.0,1.4162388549497842,10.014577441321578,0.011002218506396835,0,0
190,FOCUS,True,1788618289.816,1788618291.751,True,1.0,1.6868172038562625,10.79130493738175,0.012953471391173125,0,0
191,FOCUS,True,1788618291.751,1788618293.841,True,1.0,1.2915720335049117,10.0166143682243,0.007812303759725139,0,0
192,FOCUS,True,1788618293.841,1788618295.978,True,1.0,1.3446618354073336,7.721397964985141,0.008204334703084983,0,0
193,FOCUS,True,1788618295.978,1788618298.08,True,1.0,1.5049374185997322,5.5453176182751145,0.008531473898331811,0,0
194,FOCUS,True,1788618298.08,1788618300.08,True,1.0,1.5003386616422014,8.702522372046484,0.01210050159685075,2,0
195,FOCUS,True,1788618300.08,1788618302.046,True,1.0,1.5064701741101716,7.814767609604274,0.009646538420530908,0,0
196,FOCUS,True,1788618302.046,1788618303.993,True,1.0,1.0370844037346472,3.999682628579098,0.0044989225757648445,0,0
197,FOCUS,True,1788618303.993,1788618305.907,True,1.0,1.0288397983928816,5.626556582728713,0.00497831642539743,0,0
198,FOCUS,True,1788618305.907,1788618308.788,True,1.0,1.420362576742267,9.525429823330526,0.009094025627210138,0,0
199,FOCUS,True,1788618308.788,1788618310.796,True,1.0,1.4012318740351248,9.356824684809016,0.008428131485830648,0,0
200,FOCUS,True,1788618310.796,1788618312.709,True,1.0,1.051503826003615,7.987275529190653,0.005062337924263086,0,0
201,CONTROL,True,1788618312.709,1788618314.426,True,1.0,1.7142843776340124,10.063127301694983,0.010784108911087423,0,0
202,CONTROL,True,1788618314.426,1788618316.156,True,1.0,1.221036306195641,9.505003403530669,0.00915324052876654,0,0
203,CONTROL,True,1788618316.156,1788618322.859,True,1.0,1.254547281978446,9.018684039755621,0.0080392070822758,0,0
204,CONTROL,True,1788618322.859,1788618324.518,True,1.0,1.0347303338696103,5.530635122893426,0.005349090407435663,0,0
205,CONTROL,True,1788618324.518,1788618330.686,True,1.0,1.8993429442380059,13.694181672019516,0.007970663916210981,0,0
206,CONTROL,True,1788618330.686,1788618332.188,True,1.0,1.8972467196777265,29.238489749357328,0.011842108005979308,0,1
207,CONTROL,True,1788618332.188,1788618333.736,True,1.0,1.4739311261561698,10.343518414518119,0.009550314407487367,0,0
208,CONTROL,True,1788618333.736,1788618335.253,True,1.0,1.132099127946361,6.111127403918871,0.005172395660902075,0,1
209,CONTROL,True,1788618335.253,1788618336.983,True,1.0,1.3796661292015517,9.40049805025096,0.008480407923932136,1,0
210,CONTROL,True,1788618336.983,1788618338.585,True,1.0,1.324293159823729,9.25356494327514,0.008847177873559143,0,0
211,CONTROL,True,1788618338.585,1788618340.217,True,1.0,1.4909013447462416,10.402226068456779,0.00912113644478732,0,0
212,CONTROL,True,1788618340.217,1788618341.907,True,1.0,1.5620718065026034,8.475686652659556,0.010338051805654698,0,0
213,CONTROL,True,1788618341.907,1788618343.47,True,1.0,1.4946723279200804,9.363131989362133,0.009667431132952556,0,0
214,CONTROL,True,1788618343.47,1788618345.184,True,1.0,1.457180424601914,8.801567491125752,0.0075167904472227395,0,0
215,CONTROL,True,1788618345.184,1788618346.754,True,1.0,3.1164985590495786,24.31236441280822,0.04527153597301742,0,3
216,CONTROL,True,1788618346.754,1788618348.442,True,1.0,1.7819180552152123,16.788711942055144,0.017700576801568137,2,0
217,CONTROL,True,1788618348.442,1788618350.013,True,1.0,1.2004361432058108,10.020420754382478,0.007699052600100252,0,0
218,CONTROL,True,1788618350.013,1788618351.688,True,1.0,1.8607077420073184,12.028582816062753,0.013600728600261475,0,0
219,CONTROL,True,1788618351.688,1788618353.237,True,1.0,1.466413115500067,13.275516173969601,0.0116194396455484,0,0
220,CONTROL,True,1788618353.237,1788618354.751,True,1.0,1.9340572253072539,12.262630625321743,0.013442833911591009,0,0
221,CONTROL,True,1788618354.751,1788618356.273,True,1.0,1.8062366183916678,13.156999900759535,0.016877165977888405,0,0
222,CONTROL,True,1788618356.273,1788618357.785,True,1.0,1.8885445045420468,12.000664914845682,0.014967290989335824,0,0
223,CONTROL,True,1788618357.785,1788618359.301,True,1.0,1.5247417897725788,13.501753970113748,0.011351258239197847,0,0
224,CONTROL,True,1788618359.301,1788618360.803,True,1.0,1.0655479433597381,10.6965811093148,0.0069931070943502595,0,0
225,CONTROL,True,1788618360.803,1788618362.53,True,1.0,1.6120501282832547,15.706818408151184,0.011563176010288752,0,0
226,CONTROL,True,1788618362.53,1788618364.142,True,1.0,2.812557096618991,28.82350990521553,0.03617325256392906,0,0
227,CONTROL,True,1788618364.142,1788618365.885,True,1.0,2.3150049145724942,18.047052060057812,0.027550140272552245,1,0
228,CONTROL,True,1788618365.885,1788618367.491,True,1.0,1.5616211347239377,13.491028731162915,0.012121574285908127,0,0
229,CONTROL,True,1788618367.491,1788618369.058,True,1.0,1.6150946254247642,11.522725043219102,0.011153050594724271,1,0
230,CONTROL,True,1788618369.058,1788618370.757,True,1.0,1.847645124331847,19.328765294190493,0.018472045012358117,1,0
231,CONTROL,True,1788618370.757,1788618372.384,True,1.0,1.794158268001008,8.40588934994422,0.016451086902414872,0,0
232,CONTROL,True,1788618372.384,1788618374.02,True,1.0,2.712228444589665,20.782778524351244,0.026426906457164504,0,0
233,CONTROL,True,1788618374.02,1788618375.56,True,1.0,1.81124668053438,18.340355699203386,0.017571433876467982,0,0
234,CONTROL,True,1788618375.56,1788618377.067,True,1.0,1.8966483453979004,18.561670086518237,0.017082927826084733,0,0
235,CONTROL,True,1788618377.067,1788618378.775,True,1.0,1.8477962133203691,12.682779328707687,0.01835399828600208,0,0
236,CONTROL,True,1788618378.775,1788618380.332,True,1.0,2.1733556161389114,12.534208281492965,0.014996576675173168,0,0
237,CONTROL,True,1788618380.332,1788618381.927,True,1.0,1.8360494981697313,19.20235424664323,0.020362083806366137,1,7
238,CONTROL,True,1788618381.927,1788618383.45,True,1.0,2.052414647757192,17.810633840122115,0.020409351397204335,0,0
239,CONTROL,True,1788618383.45,1788618384.951,True,1.0,1.6060683294981264,9.495596531567879,0.012116169924126736,0,0
240,CONTROL,True,1788618384.951,1788618386.654,True,1.0,1.2736211931938235,8.164452823282291,0.0065607097087011,0,0
241,CONTROL,True,1788618386.654,1788618388.161,True,1.0,0.9923065261290953,7.732908540820915,0.005563875170968229,0,0
242,CONTROL,True,1788618388.161,1788618389.893,True,1.0,1.7461793465636386,13.39439236230038,0.015242521958359548,0,0
243,CONTROL,True,1788618389.893,1788618391.455,True,1.0,1.4251362274702593,11.589292855555328,0.013497423768289833,0,0
244,CONTROL,True,1788618391.455,1788618393.028,True,1.0,1.4175795544478877,12.468412765811006,0.01002539411789757,0,0
245,CONTROL,True,1788618393.028,1788618394.724,True,1.0,1.722772060788172,10.411947001484789,0.010715648342134829,0,0
246,CONTROL,True,1788618394.724,1788618396.305,True,1.0,1.5667560833174723,11.763875750024049,0.011822346709047119,0,0
247,CONTROL,True,1788618396.305,1788618398.031,True,1.0,2.1125765248097976,15.254552890214256,0.021848608648891103,0,1
248,CONTROL,True,1788618398.031,1788618399.551,True,1.0,2.1218495300404907,13.584806373262516,0.02158058127346276,0,0
249,CONTROL,True,1788618399.551,1788618401.251,True,1.0,2.0736265959416817,26.301104344840322,0.024953445044751967,0,0
250,CONTROL,True,1788618401.251,1788618402.762,True,1.0,2.153521964206616,22.131803155208356,0.027010288477196782,0,0
251,CONTROL,True,1788618402.762,1788618404.27,True,1.0,2.196740309089309,13.438779518715327,0.01999567084863701,0,0
252,CONTROL,True,1788618404.27,1788618405.907,True,1.0,1.8494266653439118,11.732905977037717,0.015433782550596601,0,0
253,CONTROL,True,1788618405.907,1788618407.57,True,1.0,1.7687678929894344,12.511958388074412,0.012239271033843296,0,0
254,CONTROL,True,1788618407.57,1788618409.288,True,1.0,1.6710245232186927,10.782170995127638,0.010406656373444127,0,0
255,CONTROL,True,1788618409.288,1788618410.869,True,1.0,2.3781901367143394,18.617011809374244,0.025287992428544945,0,0
256,CONTROL,True,1788618410.869,1788618412.371,True,1.0,2.1026132557504664,11.584539976554456,0.01719551102989532,0,0
257,CONTROL,True,1788618412.371,1788618419.247,True,1.0,1.7034411493530204,13.422376776047521,0.013602599329652769,1,0
258,CONTROL,True,1788618419.247,1788618420.88,True,1.0,1.7775309502644026,14.796794265150098,0.016654057398749263,1,0
259,CONTROL,True,1788618420.88,1788618422.546,True,1.0,1.7041394891001125,9.180545122640286,0.011187812384219491,0,1
260,CONTROL,True,1788618422.546,1788618424.073,True,1.0,2.856093525960199,16.82411185523661,0.04334750228038127,0,6
261,CONTROL,True,1788618424.073,1788618425.655,True,1.0,2.5330104751559563,15.164243170877853,0.025794236481504796,0,4
262,CONTROL,True,1788618425.655,1788618427.291,True,1.0,3.00771047494876,14.106802161128611,0.03214593956081978,0,2
263,CONTROL,True,1788618427.291,1788618428.918,True,1.0,3.1982012856378104,28.308779061304975,0.07041491775522939,2,1
264,CONTROL,True,1788618428.918,1788618430.549,False,0.0,2.095499838306022,9.355847692324517,0.018750933296919833,0,0
265,CONTROL,True,1788618430.549,1788618432.168,False,0.0,4.124996752967664,24.341210374322294,0.06386325832416043,0,0
266,CONTROL,True,1788618432.168,1788618433.67,False,0.0,4.319288230941207,26.440058066144836,0.06621453865425543,0,0
267,CONTROL,True,1788618433.67,1788618435.327,True,1.0,2.0689343768959,9.060657373654152,0.011649130262685417,1,0
268,CONTROL,True,1788618435.327,1788618436.894,True,1.0,1.5567931618228603,7.670230835139988,0.006761781477827915,1,0
269,CONTROL,True,1788618436.894,1788618438.538,True,1.0,1.356455870895974,7.7923705331756175,0.0064521915730754885,2,1
270,CONTROL,True,1788618438.538,1788618440.253,True,1.0,0.8205150968050277,4.016345545952434,0.0018353544367365627,1,0
271,CONTROL,True,1788618440.253,1788618441.754,False,0.0,1.4460071624967468,8.950849395280317,0.010166591014491737,1,0
272,CONTROL,True,1788618441.754,1788618443.289,True,1.0,2.785083414474224,12.889019478811386,0.019994044716988766,0,0
273,CONTROL,True,1788618443.289,1788618444.907,True,1.0,2.499800266209906,7.030278010968306,0.01615351825841669,2,3
274,CONTROL,True,1788618444.907,1788618446.58,False,0.0,1.4669819415794838,6.435447512035687,0.0051333882289428074,0,0
275,CONTROL,True,1788618446.58,1788618448.125,False,0.0,1.4158098442791414,9.028957108800835,0.004913623276001292,0,0
276,CONTROL,True,1788618448.125,1788618449.656,False,0.0,1.6632328753506938,10.920087699753093,0.007770375245031502,0,0
277,CONTROL,True,1788618449.656,1788618451.212,False,0.0,2.4274233257437463,18.908721257091695,0.014890250835945466,0,0
278,CONTROL,True,1788618451.212,1788618452.779,False,0.0,2.7284786195847768,9.425657499285922,0.016020731374351345,2,0
279,CONTROL,True,1788618452.779,1788618454.528,True,1.0,2.3665458157999084,12.019753071437654,0.019569145081664338,1,0
280,CONTROL,True,1788618454.528,1788618456.165,True,1.0,2.1797343206985067,13.392319241883634,0.009396272917833334,0,0
281,CONTROL,True,1788618456.165,1788618457.758,True,1.0,2.0390019087072044,11.130661169055891,0.008564029141420118,1,0
282,CONTROL,True,1788618457.758,1788618459.326,True,1.0,2.516583196151415,12.302178383801532,0.012087729120688223,0,0
283,CONTROL,True,1788618459.326,1788618461.021,True,1.0,1.2725006540966122,7.2860203006575075,0.002906986567077668,0,0
284,CONTROL,True,1788618461.021,1788618462.76,True,1.0,1.4905752134203791,10.675701291514782,0.00341827555071957,1,0
285,CONTROL,True,1788618462.76,1788618464.384,True,1.0,1.0766968125716223,5.314606249054544,0.0017650001832517773,0,0
286,CONTROL,True,1788618464.384,1788618466.098,True,1.0,2.0888175963523965,10.329224103729366,0.006192855233554069,0,0
287,CONTROL,True,1788618466.098,1788618467.72,True,1.0,3.130326666775495,17.712366136899462,0.02673517204552852,1,0
288,CONTROL,True,1788618467.72,1788618469.221,True,1.0,2.2462188075636482,14.450501823552521,0.009658672141240783,0,0
289,CONTROL,True,1788618469.221,1788618470.722,False,0.0,2.297312165769807,14.619482208788506,0.013093825135860921,0,0
290,CONTROL,True,1788618470.722,1788618472.386,False,0.0,1.383881586897418,5.716643089906351,0.004459780316085171,1,0
291,CONTROL,True,1788618472.386,1788618473.993,True,1.0,2.380564540934745,15.418536824614133,0.009786520481888269,2,0
292,CONTROL,True,1788618473.993,1788618475.643,True,1.0,3.3973856357052483,28.106600477692837,0.020594888298797222,0,0
293,CONTROL,True,1788618475.643,1788618477.206,True,1.0,1.7128653617345397,10.279762983381406,0.00461980207774849,0,0
294,CONTROL,True,1788618477.206,1788618478.783,False,0.0,3.6849689331990834,18.449154016198523,0.018686011890755035,0,0
295,CONTROL,True,1788618478.783,1788618480.284,False,0.0,4.006704422593316,20.385611760585434,0.023950475759506762,2,0
296,CONTROL,True,1788618480.284,1788618481.915,True,1.0,4.436244086416366,20.155478342729136,0.06343608723959114,2,0
297,CONTROL,True,1788618481.915,1788618483.627,True,1.0,2.5531688143977953,14.053984368095227,0.008466512564925567,0,3
298,CONTROL,True,1788618483.627,1788618485.149,False,0.0,4.616549160985523,20.661162204874685,0.02873017119929461,0,1
299,CONTROL,True,1788618485.149,1788618486.65,True,1.0,4.076942378099799,22.314803189422914,0.017086185519161502,2,3
300,CONTROL,True,1788618486.65,1788618488.256,True,1.0,2.39666412520413,16.229744401301843,0.00972227773163403,0,0
301,CONTROL,True,1788618488.256,1788618489.894,True,1.0,3.854993213330414,26.088595317251613,0.021815735136754534,0,0
302,CONTROL,True,1788618489.894,1788618491.41,True,1.0,2.2808984610821157,14.740578884820868,0.0068349028146157224,0,1
303,CONTROL,True,1788618491.41,1788618492.975,False,0.0,2.890025436925229,12.602178061684006,0.012023515522067561,0,0
304,CONTROL,True,1788618492.975,1788618494.477,True,1.0,2.9110021351493343,17.245797171119257,0.011151205199862329,0,0
305,CONTROL,True,1788618494.477,1788618495.979,True,1.0,3.333715777360932,23.438828922708137,0.01769533258551216,0,1
306,CONTROL,True,1788618495.979,1788618497.48,True,1.0,2.615254928798499,10.643194679372964,0.008012449090291269,0,1
307,CONTROL,True,1788618497.48,1788618499.035,True,1.0,4.098313250353083,20.067401898625718,0.024231626119127107,1,2
308,CONTROL,True,1788618499.035,1788618500.552,False,0.0,7.718117815993509,35.30873423404976,0.26784196436177665,0,0
309,CONTROL,True,1788618500.552,1788618502.053,False,0.0,8.204243074008064,40.84867673803337,0.8073545635895286,0,0
310,CONTROL,True,1788618502.053,1788618503.655,True,1.0,2.8074683505784583,17.81725119684637,0.030969336045077123,1,0
311,CONTROL,True,1788618503.655,1788618505.164,True,1.0,4.452103649187857,29.94119441328054,0.07197039295157316,0,2
312,CONTROL,True,1788618505.164,1788618506.672,True,1.0,3.6888734886813683,33.645577281362435,0.0737641055834787,0,2
313,CONTROL,True,1788618506.672,1788618508.27,True,1.0,1.995784443199865,16.019599748698997,0.025691714110839547,0,0
314,CONTROL,True,1788618508.27,1788618509.938,True,1.0,3.566154438580726,21.23070609963519,0.08361197366949048,0,0
315,CONTROL,True,1788618509.938,1788618511.537,True,1.0,1.6436852488973814,14.013187607026207,0.014955299096508046,0,11
316,CONTROL,True,1788618511.537,1788618513.04,True,1.0,1.5876654083022939,9.947625247897244,0.009932113929681801,0,10
317,CONTROL,True,1788618513.04,1788618514.667,True,1.0,2.192004133922297,18.6289689618199,0.03552017989651622,0,8
318,CONTROL,True,1788618514.667,1788618516.173,True,1.0,1.8263054028302965,19.65119428727654,0.019842839307296835,0,0
319,CONTROL,True,1788618516.173,1788618517.677,True,1.0,1.7817772420299591,12.01896983344845,0.022097551277069295,0,0
320,CONTROL,True,1788618517.677,1788618519.415,True,1.0,0.7246700195815085,5.3974763448424135,0.0034945130443426184,0,10
321,CONTROL,True,1788618519.415,1788618521.031,True,1.0,1.317323308968622,10.268259429162752,0.009484006699799877,0,13
322,CONTROL,True,1788618521.031,1788618522.572,True,1.0,0.7365337984261282,6.053975195620744,0.0034971915835891884,0,1
323,CONTROL,True,1788618522.572,1788618524.31,True,1.0,1.9152380789548493,15.377756822651277,0.027407413794035003,1,0
324,CONTROL,True,1788618524.31,1788618525.901,True,1.0,1.9622798159807104,13.486255513245426,0.018711507694632888,1,0
325,CONTROL,True,1788618525.901,1788618527.637,False,0.0,1.3131450674268859,7.461572529022825,0.012026104766167126,1,0
326,CONTROL,True,1788618527.637,1788618529.16,True,1.0,2.2962032643543626,24.667143150477397,0.056144699182030265,2,0
327,CONTROL,True,1788618529.16,1788618530.699,True,1.0,1.3414026252740188,9.754986118108548,0.01016145633707439,2,0
328,CONTROL,True,1788618530.699,1788618532.224,True,1.0,1.5655386154629374,7.9238181022128344,0.009957662184616824,0,0
329,CONTROL,True,1788618532.224,1788618533.787,True,1.0,1.3838040426058176,12.092623997074263,0.012954300119497976,1,0
330,CONTROL,True,1788618533.787,1788618535.459,True,1.0,1.8714840491171225,17.274938380193,0.022604263977707276,1,0
331,CONTROL,True,1788618535.459,1788618537.093,True,1.0,0.9569641066104612,5.696389316775071,0.00470028347623666,1,0
332,CONTROL,True,1788618537.093,1788618543.901,True,1.0,1.6220568527523411,10.761101438295878,0.014009259976600564,0,0
333,CONTROL,True,1788618543.901,1788618545.446,True,1.0,1.5971400637071003,15.227100273476102,0.01159215472027841,0,0
334,CONTROL,True,1788618545.446,1788618546.959,True,1.0,2.369778124110147,15.349525233073615,0.028566348466212466,2,4
335,CONTROL,True,1788618546.959,1788618548.46,True,1.0,2.1027939997670377,28.368315881113965,0.04928277132770996,1,0
336,CONTROL,True,1788618548.46,1788618549.972,True,1.0,1.2432386926618049,10.24660014265857,0.009417805884573364,0,0
337,CONTROL,True,1788618549.972,1788618551.649,True,1.0,1.2910239647048538,12.295282955743055,0.011294837298296686,1,0
338,CONTROL,True,1788618551.649,1788618553.219,True,1.0,1.5902757620297328,12.159411111068815,0.013557135885195139,0,10
339,CONTROL,True,1788618553.219,1788618554.959,True,1.0,1.3583747368750316,10.13961403591531,0.00949790692517582,0,11
340,CONTROL,True,1788618554.959,1788618556.618,True,1.0,1.424067181130436,12.47133156934673,0.010281251838045945,0,0
341,CONTROL,True,1788618556.618,1788618558.14,True,1.0,1.724829166108521,18.96924743337647,0.02012652414767755,0,0
342,CONTROL,True,1788618558.14,1788618559.642,True,1.0,2.0589499127045565,13.358608367495966,0.017666112817749116,0,0
343,CONTROL,True,1788618559.642,1788618561.246,True,1.0,1.638185933903346,14.481485255042085,0.015376759664057053,0,0
344,CONTROL,True,1788618561.246,1788618562.792,True,1.0,1.8437726158491305,14.582489716707215,0.019392665808232016,0,0
345,CONTROL,True,1788618562.792,1788618564.478,True,1.0,2.117416708884027,19.25966638986808,0.022197010859764523,0,0
346,CONTROL,True,1788618564.478,1788618566.181,True,1.0,1.2963817799868393,13.838529028304269,0.012225473770727097,0,0
347,CONTROL,True,1788618566.181,1788618567.873,True,1.0,1.7166323598946354,11.311083179112405,0.017454677259354165,0,0
348,CONTROL,True,1788618567.873,1788618569.394,True,1.0,1.91615054006317,18.04635349087571,0.024512607739828732,1,0
349,CONTROL,True,1788618569.394,1788618570.928,True,1.0,2.5225355312032827,19.19573008031791,0.03489108075750196,0,0
350,CONTROL,True,1788618570.928,1788618572.502,True,1.0,1.9438622899088966,14.106807848172473,0.02197944784159968,0,0
351,CONTROL,True,1788618572.502,1788618574.017,True,1.0,2.024788924187532,13.237138708302139,0.027458682722815864,0,0
352,CONTROL,True,1788618574.017,1788618575.521,True,1.0,1.3231902457020892,8.742337389134454,0.010175057729640648,0,0
353,CONTROL,True,1788618575.521,1788618577.143,True,1.0,1.365029708774939,11.727222440450113,0.013905592322902473,1,0
354,CONTROL,True,1788618577.143,1788618578.842,True,1.0,1.3728966595510785,12.863801376779968,0.012755148679821963,0,0
355,CONTROL,True,1788618578.842,1788618580.365,True,1.0,1.9342913951027452,13.01754519446083,0.01829529678340927,0,0
356,CONTROL,True,1788618580.365,1788618581.892,True,1.0,1.810918209444146,13.682939027409358,0.0158629631200548,0,0
357,CONTROL,True,1788618581.892,1788618583.408,True,1.0,1.5618418837149022,13.416776325808854,0.014109636062810318,0,4
358,CONTROL,True,1788618583.408,1788618584.998,True,1.0,1.88808330456293,15.69498115209408,0.018730428498995484,0,13
359,CONTROL,True,1788618584.998,1788618586.679,True,1.0,2.0176835342023853,24.33073933127259,0.03145531989043081,0,3
360,CONTROL,True,1788618586.679,1788618588.352,True,1.0,2.372651036275686,21.545278277267386,0.028159475505990655,1,0
361,DISTRACTION,True,1788618588.352,1788618589.857,True,1.0,1.3858070134828548,7.450015176982078,0.010606948447664577,0,0
362,DISTRACTION,True,1788618589.857,1788618591.358,True,1.0,1.7733277844628568,10.50578512870657,0.014314432089595075,0,0
363,DISTRACTION,True,1788618591.358,1788618592.863,True,1.0,1.3754686988919043,9.495644920056515,0.010555357730274316,0,0
364,DISTRACTION,True,1788618592.863,1788618594.367,True,1.0,1.044271619623696,7.359290587294959,0.006910656724684212,0,0
365,DISTRACTION,True,1788618594.367,1788618595.868,True,1.0,1.6464567860097183,7.35610130374908,0.01704396882744253,0,0
366,DISTRACTION,True,1788618595.868,1788618597.369,True,1.0,1.931803495261893,15.80039750040959,0.026742782164218496,0,0
367,DISTRACTION,True,1788618597.369,1788618598.87,True,1.0,1.5559279007632003,10.165665117864195,0.013754607076651852,0,0
368,DISTRACTION,True,1788618598.87,1788618600.37,True,1.0,1.5747989663576252,10.988528798070856,0.011499442338762461,0,0
369,DISTRACTION,True,1788618600.37,1788618601.877,True,1.0,1.3326702538306276,8.879476876457963,0.008352812344497603,0,0
370,DISTRACTION,True,1788618601.877,1788618603.379,True,1.0,1.1888037997513992,6.869694794241954,0.00812036995680523,0,0
371,DISTRACTION,True,1788618603.379,1788618604.894,True,1.0,1.5422223627410112,13.405050011210976,0.015246232764192857,1,0
372,DISTRACTION,True,1788618604.894,1788618606.395,True,1.0,0.8432503087412992,5.3171141343977295,0.0039997428231444134,1,0
373,DISTRACTION,True,1788618606.395,1788618607.896,True,1.0,1.1979148221204308,10.019414303157008,0.008156100757064877,0,6
374,DISTRACTION,True,1788618607.896,1788618609.412,True,1.0,1.086785093061599,9.319945707844445,0.007996083384254244,0,0
375,DISTRACTION,True,1788618609.412,1788618610.924,True,1.0,1.0109108108830678,5.20269614737139,0.005973945986104286,1,0
376,DISTRACTION,True,1788618610.924,1788618612.426,True,1.0,1.6282396073298002,11.833976923177243,0.013055731784959505,1,0
377,DISTRACTION,True,1788618612.426,1788618613.927,True,1.0,1.6458776995512594,13.905387468624276,0.014240502433418605,0,0
378,DISTRACTION,True,1788618613.927,1788618615.428,True,1.0,1.2670294716035144,7.1055336356569,0.00826610410480986,0,0
379,DISTRACTION,True,1788618615.428,1788618616.929,True,1.0,1.9800677905013864,17.284665222378184,0.020944428452844513,0,0
380,DISTRACTION,True,1788618616.929,1788618618.43,True,1.0,1.11871104306313,9.24811126022554,0.012021100514652706,0,0
381,DISTRACTION,True,1788618618.43,1788618619.931,True,1.0,1.135401509640609,6.892050993244499,0.006129993136288066,0,0
382,DISTRACTION,True,1788618619.931,1788618621.435,True,1.0,1.6224853479407815,14.890463197171064,0.0175169701984801,0,0
383,DISTRACTION,True,1788618621.435,1788618622.936,True,1.0,1.5467977958806634,13.291553243205394,0.013883241936760406,0,0
384,DISTRACTION,True,1788618622.936,1788618624.437,True,1.0,1.47848896512568,8.597180430201723,0.010995005333214443,0,0
385,DISTRACTION,True,1788618624.437,1788618625.939,True,1.0,1.9724051454314129,12.55909708786554,0.01504597063055187,0,0
386,DISTRACTION,True,1788618625.939,1788618627.44,True,1.0,1.4548633008485874,11.860082140704566,0.012264201071091834,0,0
387,DISTRACTION,True,1788618627.44,1788618628.954,True,1.0,1.432592410054195,13.971762752860757,0.013038843891411907,0,0
388,DISTRACTION,True,1788618628.954,1788618630.456,True,1.0,1.3874217983877049,11.071681523942356,0.015691639988473328,0,0
389,DISTRACTION,True,1788618630.456,1788618631.957,True,1.0,1.541822713321928,12.14125803001132,0.012136375143623214,0,0
390,DISTRACTION,True,1788618631.957,1788618633.471,True,1.0,1.4939233012905044,13.372270932421493,0.013574461448527152,0,0
391,DISTRACTION,True,1788618633.471,1788618634.973,True,1.0,1.7548503464214489,17.69581454075662,0.01968758305603542,0,0
392,DISTRACTION,True,1788618634.973,1788618636.473,True,1.0,1.642469544053572,15.608112844168591,0.016953076059948582,0,0
393,DISTRACTION,True,1788618636.473,1788618637.975,True,1.0,2.068505344748106,11.639149874840916,0.01801765420789129,0,0
394,DISTRACTION,True,1788618637.975,1788618639.488,True,1.0,1.3479173225385552,12.618671400828044,0.011651673517573496,0,0
395,DISTRACTION,True,1788618639.488,1788618640.989,True,1.0,1.5124496345542946,8.40438179303008,0.01130850445467841,1,0
396,DISTRACTION,True,1788618640.989,1788618642.49,True,1.0,1.6046069877359472,14.217570236461164,0.015750644181041964,1,0
397,DISTRACTION,True,1788618642.49,1788618644.002,True,1.0,1.361859874963023,11.448009425530461,0.011363504696233376,0,0
398,DISTRACTION,True,1788618644.002,1788618645.503,True,1.0,1.5885003479187498,18.019139713204847,0.01517305794200454,0,0
399,DISTRACTION,True,1788618645.503,1788618647.017,True,1.0,2.0483484195914476,9.247266940370881,0.023957767887148852,0,0
400,DISTRACTION,True,1788618647.017,1788618648.531,True,1.0,1.9798925271590986,17.849859369757617,0.02875049595765437,1,0
401,DISTRACTION,True,1788618648.531,1788618650.033,True,1.0,1.0806278957780693,6.955479425578728,0.006913845501679587,0,0
402,DISTRACTION,True,1788618650.033,1788618651.535,True,1.0,1.0987191492005743,7.117243397123076,0.006579882924403683,1,0
403,DISTRACTION,True,1788618651.535,1788618653.036,True,1.0,1.5054385774612107,10.268289478066993,0.013489392679632792,0,0
404,DISTRACTION,True,1788618653.036,1788618654.541,True,1.0,1.8985686886658166,14.840834867749786,0.01923142920361157,0,0
405,DISTRACTION,True,1788618654.541,1788618656.042,True,1.0,2.154673363835933,16.995618479680687,0.02357733743152231,0,0
406,DISTRACTION,True,1788618656.042,1788618657.543,True,1.0,2.2308400749075266,16.79854992626412,0.021858838418170535,1,0
407,DISTRACTION,True,1788618657.543,1788618659.045,True,1.0,1.0714343872458414,9.37678222294246,0.007753143475156963,0,0
408,DISTRACTION,True,1788618659.045,1788618660.547,True,1.0,2.0517102710086172,11.836456734569468,0.021771243172070236,0,0
409,DISTRACTION,True,1788618660.547,1788618662.047,True,1.0,2.449515445110383,20.068632089465236,0.029251866015901653,1,0
410,DISTRACTION,True,1788618662.047,1788618663.549,True,1.0,1.7373433410462171,14.901390690179431,0.01923466503843114,0,0
411,DISTRACTION,True,1788618663.549,1788618665.051,True,1.0,0.7439548613007804,5.6594411507229205,0.003472752569963098,0,0
412,DISTRACTION,True,1788618665.051,1788618666.563,True,1.0,1.2667303393939673,11.84902365168934,0.011786671313153262,0,0
413,DISTRACTION,True,1788618666.563,1788618668.063,True,1.0,1.88807363658974,11.190496912919453,0.017243109483501644,0,0
414,DISTRACTION,True,1788618668.063,1788618669.565,True,1.0,1.6560634976126731,12.612709751862749,0.015625989976292113,1,0
415,DISTRACTION,True,1788618669.565,1788618671.067,True,1.0,1.580204332485754,17.88922237403015,0.02059708784941984,0,0
416,DISTRACTION,True,1788618671.067,1788618672.569,True,1.0,1.8210867458177455,10.183215533964479,0.016131250303131665,0,0
417,DISTRACTION,True,1788618672.569,1788618674.08,True,1.0,2.0655495855787964,14.698578300214212,0.022754224767014733,0,0
418,DISTRACTION,True,1788618674.08,1788618675.581,True,1.0,1.5829070722129157,9.484205051793664,0.013400192821653127,0,0
419,DISTRACTION,True,1788618675.581,1788618677.096,True,1.0,1.0195551417516926,4.80638048717733,0.0064766289463162475,0,0
420,DISTRACTION,True,1788618677.096,1788618678.597,True,1.0,2.0642648567703943,11.654990177325613,0.02068747563604331,0,0
421,DISTRACTION,True,1788618678.597,1788618680.098,True,1.0,0.6626042285978233,5.738201841582565,0.003663930199033455,1,0
422,DISTRACTION,True,1788618680.098,1788618681.599,True,1.0,1.3987882309594986,11.257726038083481,0.012091230647805446,1,0
423,DISTRACTION,True,1788618681.599,1788618683.105,True,1.0,1.2844121404382058,13.716327506761976,0.00927610565112483,0,0
424,DISTRACTION,True,1788618683.105,1788618684.616,True,1.0,1.610109069549756,12.86261997777394,0.017112867994213857,0,0
425,DISTRACTION,True,1788618684.616,1788618686.117,True,1.0,1.6075051751393954,9.722552497989856,0.016406970946693234,1,0
426,DISTRACTION,True,1788618686.117,1788618687.618,True,1.0,1.8661361708003,16.79982417198039,0.019539162646693656,1,0
427,DISTRACTION,True,1788618687.618,1788618689.12,True,1.0,1.601505492567001,10.906210219243421,0.014202972179859273,1,0
428,DISTRACTION,True,1788618689.12,1788618690.624,True,1.0,1.3223464367905726,9.759441610191935,0.013076760267610914,0,0
429,DISTRACTION,True,1788618690.624,1788618693.679,True,1.0,1.9549890344397391,16.291321120918365,0.021431038205626852,0,0
430,DISTRACTION,True,1788618693.679,1788618699.376,True,1.0,2.0440348986137336,12.48607263353632,0.021954342453750244,0,0
431,DISTRACTION,True,1788618699.376,1788618700.877,True,1.0,1.4375040567262753,16.527985045145762,0.022235992524821724,0,0
432,DISTRACTION,True,1788618700.877,1788618702.378,True,1.0,1.3195149583891324,11.115649570217206,0.01136820097861011,0,0
433,DISTRACTION,True,1788618702.378,1788618703.883,True,1.0,1.368888199334964,10.15821296297237,0.010412619781472942,0,0
434,DISTRACTION,True,1788618703.883,1788618705.385,True,1.0,1.6975377837813583,13.71071292616985,0.015814949121972774,0,0
435,DISTRACTION,True,1788618705.385,1788618706.886,True,1.0,0.8889819893338959,5.680959445368855,0.006016642948981719,1,0
436,DISTRACTION,True,1788618706.886,1788618708.388,True,1.0,1.7198015996399805,8.79900731605987,0.017769065115732244,0,8
437,DISTRACTION,True,1788618708.388,1788618709.889,True,1.0,1.1392385384909802,8.360255561176208,0.009218822685392132,0,8
438,DISTRACTION,True,1788618709.889,1788618711.397,True,1.0,1.387776497106765,8.935310531006106,0.009689289466890154,0,5
439,DISTRACTION,True,1788618711.397,1788618712.897,True,1.0,0.7701637631126157,6.998512736991428,0.004142061366003745,0,4
440,DISTRACTION,True,1788618712.897,1788618714.398,True,1.0,2.0806656539953488,15.81347920806319,0.028283696536378255,0,14
441,DISTRACTION,True,1788618714.398,1788618715.899,True,1.0,1.2172103753948706,10.88354402742041,0.010488381824413355,0,7
442,DISTRACTION,True,1788618715.899,1788618717.401,True,1.0,1.7741734931488158,9.459670456061843,0.016682163782212277,0,5
443,DISTRACTION,True,1788618717.401,1788618718.902,True,1.0,0.8609031639164865,7.541914827972691,0.006756356979945245,0,5
444,DISTRACTION,True,1788618718.902,1788618720.404,True,1.0,1.4900117784788172,9.627968117232653,0.013897832387972516,0,0
445,DISTRACTION,True,1788618720.404,1788618721.908,True,1.0,1.4636733970861924,7.99964681393693,0.011669506425878757,1,4
446,DISTRACTION,True,1788618721.908,1788618723.409,True,1.0,1.3951072605848474,10.80078925872462,0.009706140806327035,0,10
447,DISTRACTION,True,1788618723.409,1788618724.911,True,1.0,1.8592288229734577,8.370738821314102,0.014714534874120883,0,8
448,DISTRACTION,True,1788618724.911,1788618726.415,True,1.0,1.3539520422490934,13.524398648381922,0.01095065193063261,1,0
449,DISTRACTION,True,1788618726.415,1788618727.916,True,1.0,1.30845813875321,8.641474903519313,0.007546706223389449,0,0
450,DISTRACTION,True,1788618727.916,1788618729.422,True,1.0,1.650487990120115,17.894844333413413,0.020689763061104018,0,0
451,DISTRACTION,True,1788618729.422,1788618730.927,True,1.0,1.1785339361565945,9.368226511929374,0.007049414249751122,0,0
452,DISTRACTION,True,1788618730.927,1788618732.428,True,1.0,1.4680186529531674,11.217303200285915,0.012115081533475012,1,0
453,DISTRACTION,True,1788618732.428,1788618733.93,True,1.0,1.9208394285587207,20.160881008727973,0.023817737160457944,0,0
454,DISTRACTION,True,1788618733.93,1788618735.441,True,1.0,1.305394291918867,14.576194341630433,0.013174759231950772,0,0
455,DISTRACTION,True,1788618735.441,1788618736.942,True,1.0,1.2607460666440677,12.836010712428012,0.011367273172420058,0,0
456,DISTRACTION,True,1788618736.942,1788618738.443,True,1.0,1.3182258174827808,7.932180833833432,0.009671771853175025,1,0
457,DISTRACTION,True,1788618738.443,1788618739.945,True,1.0,1.4567378242813496,11.308944954132288,0.012722651622210288,0,0
458,DISTRACTION,True,1788618739.945,1788618741.456,True,1.0,1.6216814873991519,10.888143081790137,0.013951235068618898,0,0
459,DISTRACTION,True,1788618741.456,1788618742.957,True,1.0,1.2964437815222498,7.3930010159662976,0.008336059822401388,0,0
460,DISTRACTION,True,1788618742.957,1788618744.462,True,1.0,1.552616339730396,13.05103176210496,0.011994444895455352,0,0
461,DISTRACTION,True,1788618744.462,1788618745.97,True,1.0,1.8338058222167184,12.365150245678553,0.01786949770017481,1,0
462,DISTRACTION,True,1788618745.97,1788618747.471,True,1.0,1.2393785630531482,12.65225130197038,0.012352127705244773,0,0
463,DISTRACTION,True,1788618747.471,1788618748.973,True,1.0,1.1767123937552162,9.819886635057964,0.007544474213165448,0,1
464,DISTRACTION,True,1788618748.973,1788618750.474,True,1.0,1.0815477425289943,13.80534046112279,0.011061550774344677,0,0
465,DISTRACTION,True,1788618750.474,1788618751.975,True,1.0,1.6144433297912633,17.18044373164546,0.017867308126634153,0,0
466,DISTRACTION,True,1788618751.975,1788618753.476,True,1.0,1.7361822490364744,15.703177615723863,0.017188445542554817,0,0
467,DISTRACTION,True,1788618753.476,1788618754.98,True,1.0,1.937707776876029,16.2114351910053,0.020330413931503494,0,0
468,DISTRACTION,True,1788618754.98,1788618756.48,True,1.0,1.9089369502602322,15.990319986343613,0.017363172880527824,1,0
469,DISTRACTION,True,1788618756.48,1788618757.988,True,1.0,1.2521070629052782,10.794635190566883,0.010881851853054673,0,0
470,DISTRACTION,True,1788618757.988,1788618759.49,True,1.0,1.7040205288530745,12.137341629309358,0.014597869357848514,0,0
471,DISTRACTION,True,1788618759.49,1788618761.003,True,1.0,1.371332019321747,13.23915493456577,0.009990446772463985,0,0
472,DISTRACTION,True,1788618761.003,1788618762.504,True,1.0,1.5317095076034513,8.061500641941164,0.010559224066615774,0,0
473,DISTRACTION,True,1788618762.504,1788618764.005,True,1.0,2.4994741012436217,11.039268750515268,0.025993497020232428,0,0
474,DISTRACTION,True,1788618764.005,1788618765.506,True,1.0,2.2059463323900235,17.514062331783627,0.03452241029185945,0,0
475,DISTRACTION,True,1788618765.506,1788618767.008,True,1.0,1.2977658252462503,10.35460256812423,0.009111744225060451,0,0
476,DISTRACTION,True,1788618767.008,1788618768.509,True,1.0,1.5048239070310039,13.552417732271445,0.012290152926075874,1,0
477,DISTRACTION,True,1788618768.509,1788618770.017,True,1.0,0.9494876318249476,9.257813853778426,0.008247273816121139,0,0
478,DISTRACTION,True,1788618770.017,1788618771.531,True,1.0,1.1606505674124228,6.9065965115463115,0.007481953857962655,0,0
479,DISTRACTION,True,1788618771.531,1788618773.035,True,1.0,1.3145938297963482,7.716646897670203,0.009838812421500328,1,0
480,DISTRACTION,True,1788618773.035,1788618774.2105024,True,1.0,2.3551196106979613,20.856967610109844,0.03411853608121696,0,0
